"# background genes","# genes","category","chart color","description","FDR value","genes","network.SUID","nodes.SUID","p-value","PMID","term name","transferred FDR value","year"
"2299","15","UniProt Keywords","","Transcription regulation","4.11E-9","SNAI2|MAPK1|USF2|NFYB|EPAS1|TP53|HIF1AN|CEBPB|SMAD1|DNMT1|ZEB1|PRDM1|ETS1|MITF|HIF1A","36410","36523|36508|36520|36529|36547|36538|36526|36502|36514|36511|36544|36505|36550|36535|36517","6.11E-12","","KW-0805","1.0","0"
"1971","14","UniProt Keywords","","DNA-binding","4.88E-9","SNAI2|MAPK1|USF2|NFYB|EPAS1|TP53|CEBPB|SMAD1|DNMT1|ZEB1|PRDM1|ETS1|MITF|HIF1A","36410","36523|36508|36520|36529|36547|36538|36502|36514|36511|36544|36505|36550|36535|36517","2.18E-11","","KW-0238","0.9911070124671406","0"
"1285","12","GO Cellular Component","","Chromatin","1.04E-7","SNAI2|USF2|NFYB|EPAS1|TP53|CEBPB|SMAD1|DNMT1|ZEB1|ETS1|MITF|HIF1A","36410","36523|36520|36529|36547|36538|36502|36514|36511|36544|36550|36535|36517","8.01E-11","","GO:0000785","0.8326776710361764","0"
"4169","17","GO Cellular Component","","Nucleoplasm","1.04E-7","SNAI2|MAPK1|USF2|NFYB|EPAS1|TP53|HIF1AN|CEBPB|SMAD1|GSK3B|DNMT1|ZEB1|PRDM1|STK40|ETS1|MITF|HIF1A","36410","36523|36508|36520|36529|36547|36538|36526|36502|36514|36532|36511|36544|36505|36499|36550|36535|36517","5.08E-11","","GO:0005654","0.8326776710361764","0"
"1196","12","GO Molecular Function","","RNA polymerase II cis-regulatory region sequence-specific DNA binding","1.72E-7","SNAI2|USF2|NFYB|EPAS1|TP53|CEBPB|SMAD1|ZEB1|PRDM1|ETS1|MITF|HIF1A","36410","36523|36520|36529|36547|36538|36502|36514|36544|36505|36550|36535|36517","3.49E-11","","GO:0000978","0.8066234155633029","0"
"1666","13","GO Molecular Function","","Sequence-specific DNA binding","1.72E-7","SNAI2|USF2|NFYB|EPAS1|TP53|CEBPB|SMAD1|DNMT1|ZEB1|PRDM1|ETS1|MITF|HIF1A","36410","36523|36520|36529|36547|36538|36502|36514|36511|36544|36505|36550|36535|36517","6.76E-11","","GO:0043565","0.8066234155633029","0"
"1368","12","GO Molecular Function","","DNA-binding transcription factor activity, RNA polymerase II-specific","1.74E-7","SNAI2|USF2|NFYB|EPAS1|TP53|CEBPB|SMAD1|ZEB1|PRDM1|ETS1|MITF|HIF1A","36410","36523|36520|36529|36547|36538|36502|36514|36544|36505|36550|36535|36517","1.65E-10","","GO:0000981","0.8060247145528512","0"
"484","9","GO Molecular Function","","DNA-binding transcription factor binding","1.74E-7","USF2|NFYB|EPAS1|TP53|HIF1AN|CEBPB|GSK3B|ETS1|HIF1A","36410","36520|36529|36547|36538|36526|36502|36532|36550|36517","1.41E-10","","GO:0140297","0.8060247145528512","0"
"2498","14","GO Molecular Function","","DNA binding","3.08E-7","SNAI2|MAPK1|USF2|NFYB|EPAS1|TP53|CEBPB|SMAD1|DNMT1|ZEB1|PRDM1|ETS1|MITF|HIF1A","36410","36523|36508|36520|36529|36547|36538|36502|36514|36511|36544|36505|36550|36535|36517","5.32E-10","","GO:0003677","0.7764519992581672","0"
"5278","17","UniProt Keywords","","Nucleus","4.36E-7","SNAI2|MAPK1|USF2|NFYB|EPAS1|TP53|HIF1AN|CEBPB|SMAD1|GSK3B|DNMT1|ZEB1|PRDM1|STK40|ETS1|MITF|HIF1A","36410","36523|36508|36520|36529|36547|36538|36526|36502|36514|36532|36511|36544|36505|36499|36550|36535|36517","2.59E-9","","KW-0539","0.7584537967961779","0"
"1582","13","GO Biological Process","","Regulation of cell differentiation","5.54E-7","SNAI2|MAPK1|TP53|HIF1AN|CEBPB|SMAD1|GSK3B|DNMT1|ZEB1|PRDM1|ETS1|MITF|HIF1A","36410","36523|36508|36538|36526|36502|36514|36532|36511|36544|36505|36550|36535|36517","3.53E-11","","GO:0045595","0.7460496335010951","0"
"458","8","GO Molecular Function","","DNA-binding transcription activator activity, RNA polymerase II-specific","1.15E-6","NFYB|EPAS1|TP53|CEBPB|SMAD1|ETS1|MITF|HIF1A","36410","36529|36547|36538|36502|36514|36550|36535|36517","3.26E-9","","GO:0001228","0.708226822520425","0"
"1146","11","COMPARTMENTS","","Nucleoplasm","1.36E-6","SNAI2|MAPK1|EPAS1|TP53|CEBPB|GSK3B|DNMT1|ZEB1|PRDM1|ETS1|HIF1A","36410","36523|36508|36547|36538|36502|36532|36511|36544|36505|36550|36517","5.89E-10","","GOCC:0005654","0.6995409539177293","0"
"160","6","WikiPathways","","Epithelial to mesenchymal transition in colorectal cancer","4.34E-6","SNAI2|MAPK1|TP53|GSK3B|ZEB1|HIF1A","36410","36523|36508|36538|36532|36544|36517","5.55E-9","","WP4239","0.6394477848600678","0"
"353","7","GO Molecular Function","","RNA polymerase II-specific DNA-binding transcription factor binding","4.96E-6","EPAS1|TP53|HIF1AN|CEBPB|GSK3B|ETS1|HIF1A","36410","36547|36538|36526|36502|36532|36550|36517","1.71E-8","","GO:0061629","0.6325325865361243","0"
"2586","14","GO Biological Process","","Regulation of transcription by RNA polymerase II","5.88E-6","SNAI2|USF2|NFYB|EPAS1|TP53|HIF1AN|CEBPB|SMAD1|DNMT1|ZEB1|PRDM1|ETS1|MITF|HIF1A","36410","36523|36520|36529|36547|36538|36526|36502|36514|36511|36544|36505|36550|36535|36517","8.46E-10","","GO:0006357","0.6237209652887808","0"
"4899","17","GO Biological Process","","Regulation of gene expression","5.88E-6","SNAI2|MAPK1|USF2|NFYB|EPAS1|TP53|HIF1AN|CEBPB|SMAD1|GSK3B|DNMT1|ZEB1|PRDM1|STK40|ETS1|MITF|HIF1A","36410","36523|36508|36520|36529|36547|36538|36526|36502|36514|36532|36511|36544|36505|36499|36550|36535|36517","7.5E-10","","GO:0010468","0.6237209652887808","0"
"3980","16","GO Biological Process","","Regulation of macromolecule biosynthetic process","5.88E-6","SNAI2|MAPK1|USF2|NFYB|EPAS1|TP53|HIF1AN|CEBPB|SMAD1|GSK3B|DNMT1|ZEB1|PRDM1|ETS1|MITF|HIF1A","36410","36523|36508|36520|36529|36547|36538|36526|36502|36514|36532|36511|36544|36505|36550|36535|36517","7.94E-10","","GO:0010556","0.6237209652887808","0"
"3533","15","GO Biological Process","","Positive regulation of macromolecule metabolic process","5.88E-6","SNAI2|MAPK1|USF2|NFYB|EPAS1|TP53|CEBPB|SMAD1|GSK3B|DNMT1|ZEB1|PRDM1|ETS1|MITF|HIF1A","36410","36523|36508|36520|36529|36547|36538|36502|36514|36532|36511|36544|36505|36550|36535|36517","3.08E-9","","GO:0010604","0.6237209652887808","0"
"4143","16","GO Biological Process","","Regulation of cellular biosynthetic process","5.88E-6","SNAI2|MAPK1|USF2|NFYB|EPAS1|TP53|HIF1AN|CEBPB|SMAD1|GSK3B|DNMT1|ZEB1|PRDM1|ETS1|MITF|HIF1A","36410","36523|36508|36520|36529|36547|36538|36526|36502|36514|36532|36511|36544|36505|36550|36535|36517","1.48E-9","","GO:0031326","0.6237209652887808","0"
"49","5","GO Biological Process","","Regulation of transcription from RNA polymerase II promoter in response to stress","5.88E-6","EPAS1|TP53|HIF1AN|CEBPB|HIF1A","36410","36547|36538|36526|36502|36517","1.06E-9","","GO:0043618","0.6237209652887808","0"
"684","8","UniProt Keywords","","Activator","9.52E-6","NFYB|EPAS1|TP53|CEBPB|DNMT1|ZEB1|MITF|HIF1A","36410","36529|36547|36538|36502|36511|36544|36535|36517","7.08E-8","","KW-0010","0.5987679870759193","0"
"2399","12","UniProt Keywords","","Ubl conjugation","1.11E-5","MAPK1|NFYB|EPAS1|TP53|CEBPB|SMAD1|DNMT1|ZEB1|PRDM1|ETS1|MITF|HIF1A","36410","36508|36529|36547|36538|36502|36514|36511|36544|36505|36550|36535|36517","9.92E-8","","KW-0832","0.5908160704788606","0"
"100","5","WikiPathways","","Neural crest differentiation","1.23E-5","SNAI2|SMAD1|GSK3B|ETS1|MITF","36410","36523|36514|36532|36550|36535","3.15E-8","","WP2064","0.5854999135800989","0"
"747","9","Reactome Pathways","","Cellular responses to stress","1.39E-5","MAPK1|NFYB|EPAS1|TP53|HIF1AN|CEBPB|GSK3B|ETS1|HIF1A","36410","36508|36529|36547|36538|36526|36502|36532|36550|36517","6.09E-9","","HSA-2262752","0.5791668958040643","0"
"4787","16","COMPARTMENTS","","Nucleus","1.58E-5","SNAI2|MAPK1|USF2|NFYB|EPAS1|TP53|HIF1AN|CEBPB|SMAD1|GSK3B|DNMT1|ZEB1|PRDM1|ETS1|MITF|HIF1A","36410","36523|36508|36520|36529|36547|36538|36526|36502|36514|36532|36511|36544|36505|36550|36535|36517","1.37E-8","","GOCC:0005634","0.5725318806375872","0"
"1146","10","GO Biological Process","","Positive regulation of gene expression","1.64E-5","MAPK1|TP53|CEBPB|SMAD1|GSK3B|DNMT1|PRDM1|ETS1|MITF|HIF1A","36410","36508|36538|36502|36514|36532|36511|36505|36550|36535|36517","1.31E-8","","GO:0010628","0.5706017046559918","0"
"3166","14","GO Biological Process","","Positive regulation of nitrogen compound metabolic process","1.64E-5","SNAI2|MAPK1|USF2|NFYB|EPAS1|TP53|CEBPB|SMAD1|GSK3B|DNMT1|ZEB1|ETS1|MITF|HIF1A","36410","36523|36508|36520|36529|36547|36538|36502|36514|36532|36511|36544|36550|36535|36517","1.26E-8","","GO:0051173","0.5706017046559918","0"
"87","5","GO Biological Process","","Embryonic placenta development","1.81E-5","MAPK1|EPAS1|CEBPB|PRDM1|HIF1A","36410","36508|36547|36502|36505|36517","1.62E-8","","GO:0001892","0.5654939156169984","0"
"3246","14","GO Biological Process","","Animal organ development","1.83E-5","SNAI2|MAPK1|USF2|EPAS1|TP53|CEBPB|SMAD1|FBXO45|GSK3B|ZEB1|PRDM1|STK40|MITF|HIF1A","36410","36523|36508|36520|36547|36538|36502|36514|36541|36532|36544|36505|36499|36535|36517","1.75E-8","","GO:0048513","0.5649248213118498","0"
"2609","13","GO Biological Process","","Cellular response to chemical stimulus","1.83E-5","SNAI2|MAPK1|USF2|NFYB|EPAS1|TP53|HIF1AN|CEBPB|SMAD1|GSK3B|DNMT1|ZEB1|HIF1A","36410","36523|36508|36520|36529|36547|36538|36526|36502|36514|36532|36511|36544|36517","1.76E-8","","GO:0070887","0.5649248213118498","0"
"4074","15","GO Biological Process","","Regulation of nucleobase-containing compound metabolic process","2.18E-5","SNAI2|MAPK1|USF2|NFYB|EPAS1|TP53|HIF1AN|CEBPB|SMAD1|DNMT1|ZEB1|PRDM1|ETS1|MITF|HIF1A","36410","36523|36508|36520|36529|36547|36538|36526|36502|36514|36511|36544|36505|36550|36535|36517","2.37E-8","","GO:0019219","0.5558616242841045","0"
"1669","11","GO Biological Process","","Regulation of cell population proliferation","2.61E-5","SNAI2|MAPK1|TP53|CEBPB|SMAD1|DNMT1|ZEB1|PRDM1|ETS1|MITF|HIF1A","36410","36523|36508|36538|36502|36514|36511|36544|36505|36550|36535|36517","3.02E-8","","GO:0042127","0.5465386408543826","0"
"1250","10","GO Biological Process","","Positive regulation of transcription by RNA polymerase II","2.61E-5","USF2|NFYB|EPAS1|TP53|CEBPB|SMAD1|ZEB1|ETS1|MITF|HIF1A","36410","36520|36529|36547|36538|36502|36514|36544|36550|36535|36517","2.99E-8","","GO:0045944","0.5465386408543826","0"
"46","4","GO Molecular Function","","E-box binding","2.99E-5","SNAI2|ZEB1|MITF|HIF1A","36410","36523|36544|36535|36517","1.09E-7","","GO:0070888","0.5394995796141432","0"
"410","7","GO Biological Process","","Regulation of hemopoiesis","3.19E-5","SNAI2|CEBPB|ZEB1|PRDM1|ETS1|MITF|HIF1A","36410","36523|36502|36544|36505|36550|36535|36517","4.68E-8","","GO:1903706","0.536146495384692","0"
"712","8","GO Biological Process","","Cell population proliferation","5.83E-5","SNAI2|MAPK1|TP53|CEBPB|SMAD1|ZEB1|PRDM1|HIF1A","36410","36523|36508|36538|36502|36514|36544|36505|36517","9.62E-8","","GO:0008283","0.5049191006540552","0"
"454","7","GO Biological Process","","Embryonic organ development","5.83E-5","MAPK1|EPAS1|TP53|CEBPB|ZEB1|PRDM1|HIF1A","36410","36508|36547|36538|36502|36544|36505|36517","9.29E-8","","GO:0048568","0.5049191006540552","0"
"1049","9","GO Biological Process","","Embryo development","6.49E-5","MAPK1|EPAS1|TP53|CEBPB|SMAD1|DNMT1|ZEB1|PRDM1|HIF1A","36410","36508|36547|36538|36502|36514|36511|36544|36505|36517","1.12E-7","","GO:0009790","0.4993651698728719","0"
"48","4","GO Biological Process","","Positive regulation of miRNA transcription","6.92E-5","TP53|SMAD1|ETS1|HIF1A","36410","36538|36514|36550|36517","1.28E-7","","GO:1902895","0.49604286220056165","0"
"1935","11","GO Biological Process","","Positive regulation of macromolecule biosynthetic process","7.26E-5","MAPK1|USF2|NFYB|EPAS1|TP53|CEBPB|SMAD1|ZEB1|ETS1|MITF|HIF1A","36410","36508|36520|36529|36547|36538|36502|36514|36544|36550|36535|36517","1.39E-7","","GO:0010557","0.4935589445590277","0"
"515","7","KEGG Pathways","","Pathways in cancer","7.27E-5","MAPK1|EPAS1|TP53|GSK3B|ETS1|MITF|HIF1A","36410","36508|36547|36538|36532|36550|36535|36517","2.16E-7","","hsa05200","0.49348766160129576","0"
"171","5","KEGG Pathways","","Transcriptional misregulation in cancer","7.27E-5","TP53|CEBPB|SMAD1|ZEB1|MITF","36410","36538|36502|36514|36544|36535","4.17E-7","","hsa05202","0.49348766160129576","0"
"65","4","KEGG Pathways","","Renal cell carcinoma","7.27E-5","MAPK1|EPAS1|ETS1|HIF1A","36410","36508|36547|36550|36517","4.05E-7","","hsa05211","0.49348766160129576","0"
"3114","13","GO Biological Process","","Positive regulation of cellular metabolic process","7.72E-5","MAPK1|USF2|NFYB|EPAS1|TP53|CEBPB|SMAD1|GSK3B|DNMT1|ZEB1|ETS1|MITF|HIF1A","36410","36508|36520|36529|36547|36538|36502|36514|36532|36511|36544|36550|36535|36517","1.53E-7","","GO:0031325","0.4903774305607297","0"
"5657","16","GO Biological Process","","Developmental process","8.42E-5","SNAI2|MAPK1|USF2|EPAS1|TP53|CEBPB|SMAD1|FBXO45|GSK3B|DNMT1|ZEB1|PRDM1|STK40|ETS1|MITF|HIF1A","36410","36523|36508|36520|36547|36538|36502|36514|36541|36532|36511|36544|36505|36499|36550|36535|36517","1.77E-7","","GO:0032502","0.48588254859412866","0"
"329","6","GO Molecular Function","","DNA-binding transcription repressor activity, RNA polymerase II-specific","8.86E-5","SNAI2|TP53|CEBPB|ZEB1|PRDM1|MITF","36410","36523|36538|36502|36544|36505|36535","3.59E-7","","GO:0001227","0.48324467438313323","0"
"5977","16","GO Molecular Function","","Heterocyclic compound binding","9.17E-5","SNAI2|MAPK1|USF2|NFYB|EPAS1|TP53|CEBPB|SMAD1|GSK3B|DNMT1|ZEB1|PRDM1|STK40|ETS1|MITF|HIF1A","36410","36523|36508|36520|36529|36547|36538|36502|36514|36532|36511|36544|36505|36499|36550|36535|36517","4.09E-7","","GO:1901363","0.48146369035376785","0"
"5734","16","GO Biological Process","","Regulation of nitrogen compound metabolic process","9.36E-5","SNAI2|MAPK1|USF2|NFYB|EPAS1|TP53|HIF1AN|CEBPB|SMAD1|GSK3B|DNMT1|ZEB1|PRDM1|ETS1|MITF|HIF1A","36410","36523|36508|36520|36529|36547|36538|36526|36502|36514|36532|36511|36544|36505|36550|36535|36517","2.18E-7","","GO:0051171","0.4804016410960616","0"
"2041","11","GO Biological Process","","Positive regulation of cellular biosynthetic process","9.91E-5","MAPK1|USF2|NFYB|EPAS1|TP53|CEBPB|SMAD1|ZEB1|ETS1|MITF|HIF1A","36410","36508|36520|36529|36547|36538|36502|36514|36544|36550|36535|36517","2.4E-7","","GO:0031328","0.4774446487259608","0"
"64","4","WikiPathways","","Oncostatin M signaling pathway","9.94E-5","MAPK1|TP53|CEBPB|HIF1A","36410","36508|36538|36502|36517","3.82E-7","","WP2374","0.47728811341096256","0"
"68","4","WikiPathways","","Melanoma","9.94E-5","MAPK1|TP53|ETS1|MITF","36410","36508|36538|36550|36535","4.81E-7","","WP4685","0.47728811341096256","0"
"2056","11","GO Biological Process","","Positive regulation of nucleobase-containing compound metabolic process","1.0E-4","MAPK1|USF2|NFYB|EPAS1|TP53|CEBPB|SMAD1|ZEB1|ETS1|MITF|HIF1A","36410","36508|36520|36529|36547|36538|36502|36514|36544|36550|36535|36517","2.59E-7","","GO:0045935","0.4769764551346491","0"
"4010","14","GO Biological Process","","Response to chemical","1.1E-4","SNAI2|MAPK1|USF2|NFYB|EPAS1|TP53|HIF1AN|CEBPB|SMAD1|GSK3B|DNMT1|ZEB1|ETS1|HIF1A","36410","36523|36508|36520|36529|36547|36538|36526|36502|36514|36532|36511|36544|36550|36517","2.82E-7","","GO:0042221","0.4720406210758304","0"
"12","3","GO Biological Process","","Regulation of transcription from RNA polymerase II promoter in response to hypoxia","1.1E-4","TP53|HIF1AN|HIF1A","36410","36538|36526|36517","2.89E-7","","GO:0061418","0.4720406210758304","0"
"584","7","GO Molecular Function","","Chromatin binding","1.1E-4","SNAI2|TP53|CEBPB|DNMT1|ZEB1|PRDM1|MITF","36410","36523|36538|36502|36511|36544|36505|36535","5.01E-7","","GO:0003682","0.4720406210758304","0"
"6050","16","GO Molecular Function","","Organic cyclic compound binding","1.1E-4","SNAI2|MAPK1|USF2|NFYB|EPAS1|TP53|CEBPB|SMAD1|GSK3B|DNMT1|ZEB1|PRDM1|STK40|ETS1|MITF|HIF1A","36410","36523|36508|36520|36529|36547|36538|36502|36514|36532|36511|36544|36505|36499|36550|36535|36517","4.92E-7","","GO:0097159","0.4720406210758304","0"
"5899","16","GO Biological Process","","Regulation of primary metabolic process","1.2E-4","SNAI2|MAPK1|USF2|NFYB|EPAS1|TP53|HIF1AN|CEBPB|SMAD1|GSK3B|DNMT1|ZEB1|PRDM1|ETS1|MITF|HIF1A","36410","36523|36508|36520|36529|36547|36538|36526|36502|36514|36532|36511|36544|36505|36550|36535|36517","3.35E-7","","GO:0080090","0.467534557621414","0"
"368","6","GO Molecular Function","","Protein heterodimerization activity","1.4E-4","USF2|NFYB|EPAS1|TP53|CEBPB|HIF1A","36410","36520|36529|36547|36538|36502|36517","6.85E-7","","GO:0046982","0.4595515470212502","0"
"876","8","GO Biological Process","","Positive regulation of cell differentiation","1.6E-4","SNAI2|HIF1AN|CEBPB|SMAD1|GSK3B|ZEB1|ETS1|HIF1A","36410","36523|36526|36502|36514|36532|36544|36550|36517","4.64E-7","","GO:0045597","0.4526363486973068","0"
"2749","12","GO Biological Process","","Regulation of multicellular organismal process","1.6E-4","SNAI2|MAPK1|EPAS1|TP53|CEBPB|SMAD1|GSK3B|ZEB1|PRDM1|ETS1|MITF|HIF1A","36410","36523|36508|36547|36538|36502|36514|36532|36544|36505|36550|36535|36517","4.53E-7","","GO:0051239","0.4526363486973068","0"
"97","4","KEGG Pathways","","Prostate cancer","1.6E-4","MAPK1|TP53|GSK3B|ZEB1","36410","36508|36538|36532|36544","1.88E-6","","hsa05215","0.4526363486973068","0"
"4209","14","GO Biological Process","","Multicellular organism development","1.8E-4","SNAI2|MAPK1|EPAS1|TP53|CEBPB|SMAD1|FBXO45|GSK3B|DNMT1|ZEB1|PRDM1|STK40|MITF|HIF1A","36410","36523|36508|36547|36538|36502|36514|36541|36532|36511|36544|36505|36499|36535|36517","5.29E-7","","GO:0007275","0.44653671149026997","0"
"2229","11","GO Biological Process","","Anatomical structure morphogenesis","1.8E-4","SNAI2|MAPK1|EPAS1|TP53|CEBPB|SMAD1|FBXO45|ZEB1|PRDM1|STK40|HIF1A","36410","36523|36508|36547|36538|36502|36514|36541|36544|36505|36499|36517","5.9E-7","","GO:0009653","0.44653671149026997","0"
"1723","10","GO Biological Process","","Tissue development","1.8E-4","SNAI2|MAPK1|EPAS1|TP53|CEBPB|SMAD1|GSK3B|ZEB1|PRDM1|HIF1A","36410","36523|36508|36547|36538|36502|36514|36532|36544|36505|36517","6.07E-7","","GO:0009888","0.44653671149026997","0"
"3507","13","GO Biological Process","","Cell differentiation","1.8E-4","SNAI2|MAPK1|EPAS1|TP53|CEBPB|SMAD1|FBXO45|GSK3B|ZEB1|PRDM1|ETS1|MITF|HIF1A","36410","36523|36508|36547|36538|36502|36514|36541|36532|36544|36505|36550|36535|36517","6.39E-7","","GO:0030154","0.44653671149026997","0"
"891","8","GO Biological Process","","Negative regulation of apoptotic process","1.8E-4","SNAI2|TP53|CEBPB|GSK3B|DNMT1|STK40|MITF|HIF1A","36410","36523|36538|36502|36532|36511|36499|36535|36517","5.27E-7","","GO:0043066","0.44653671149026997","0"
"5117","15","GO Biological Process","","Anatomical structure development","1.8E-4","SNAI2|MAPK1|USF2|EPAS1|TP53|CEBPB|SMAD1|FBXO45|GSK3B|DNMT1|ZEB1|PRDM1|STK40|MITF|HIF1A","36410","36523|36508|36520|36547|36538|36502|36514|36541|36532|36511|36544|36505|36499|36535|36517","5.94E-7","","GO:0048856","0.44653671149026997","0"
"6207","16","GO Biological Process","","Positive regulation of biological process","1.9E-4","SNAI2|MAPK1|USF2|NFYB|EPAS1|TP53|HIF1AN|CEBPB|SMAD1|GSK3B|DNMT1|ZEB1|PRDM1|ETS1|MITF|HIF1A","36410","36523|36508|36520|36529|36547|36538|36526|36502|36514|36532|36511|36544|36505|36550|36535|36517","7.25E-7","","GO:0048518","0.44373672902502437","0"
"933","8","GO Biological Process","","Negative regulation of developmental process","1.9E-4","SNAI2|MAPK1|TP53|SMAD1|GSK3B|DNMT1|ZEB1|HIF1A","36410","36523|36508|36538|36514|36532|36511|36544|36517","7.45E-7","","GO:0051093","0.44373672902502437","0"
"971","8","GO Biological Process","","Negative regulation of transcription by RNA polymerase II","2.6E-4","SNAI2|TP53|HIF1AN|CEBPB|DNMT1|ZEB1|PRDM1|MITF","36410","36523|36538|36526|36502|36511|36544|36505|36535","1.01E-6","","GO:0000122","0.4274933260120296","0"
"393","6","GO Biological Process","","In utero embryonic development","2.6E-4","MAPK1|EPAS1|TP53|CEBPB|PRDM1|HIF1A","36410","36508|36547|36538|36502|36505|36517","9.99E-7","","GO:0001701","0.4274933260120296","0"
"654","7","GO Biological Process","","Chordate embryonic development","2.6E-4","MAPK1|EPAS1|TP53|CEBPB|ZEB1|PRDM1|HIF1A","36410","36508|36547|36538|36502|36544|36505|36517","1.06E-6","","GO:0043009","0.4274933260120296","0"
"23","3","WikiPathways","","Angiogenesis","2.6E-4","MAPK1|SMAD1|HIF1A","36410","36508|36514|36517","1.64E-6","","WP1539","0.4274933260120296","0"
"997","8","GO Biological Process","","Animal organ morphogenesis","2.9E-4","SNAI2|MAPK1|TP53|CEBPB|ZEB1|PRDM1|STK40|HIF1A","36410","36523|36508|36538|36502|36544|36505|36499|36517","1.23E-6","","GO:0009887","0.42183821565984836","0"
"1389","9","GO Biological Process","","Regulation of multicellular organismal development","2.9E-4","SNAI2|TP53|CEBPB|SMAD1|ZEB1|PRDM1|ETS1|MITF|HIF1A","36410","36523|36538|36502|36514|36544|36505|36550|36535|36517","1.19E-6","","GO:2000026","0.42183821565984836","0"
"120","4","KEGG Pathways","","Thyroid hormone signaling pathway","2.9E-4","MAPK1|TP53|GSK3B|HIF1A","36410","36508|36538|36532|36517","4.26E-6","","hsa04919","0.42183821565984836","0"
"685","7","GO Biological Process","","Negative regulation of cell differentiation","3.3E-4","SNAI2|MAPK1|TP53|SMAD1|GSK3B|DNMT1|ZEB1","36410","36523|36508|36538|36514|36532|36511|36544","1.44E-6","","GO:0045596","0.41514671988943525","0"
"23","3","GO Biological Process","","Positive regulation of transcription from RNA polymerase II promoter involved in cellular response to chemical stimulus","3.7E-4","TP53|SMAD1|HIF1A","36410","36538|36514|36517","1.64E-6","","GO:1901522","0.4092217440979313","0"
"1462","9","GO Biological Process","","Regulation of apoptotic process","3.9E-4","SNAI2|TP53|CEBPB|GSK3B|DNMT1|STK40|ETS1|MITF|HIF1A","36410","36523|36538|36502|36532|36511|36499|36550|36535|36517","1.83E-6","","GO:0042981","0.4064954798808856","0"
"705","7","GO Biological Process","","Hematopoietic or lymphoid organ development","3.9E-4","SNAI2|MAPK1|EPAS1|TP53|CEBPB|MITF|HIF1A","36410","36523|36508|36547|36538|36502|36535|36517","1.75E-6","","GO:0048534","0.4064954798808856","0"
"7835","17","GO Biological Process","","Response to stimulus","3.9E-4","SNAI2|MAPK1|USF2|NFYB|EPAS1|TP53|HIF1AN|CEBPB|SMAD1|FBXO45|GSK3B|DNMT1|ZEB1|PRDM1|ETS1|MITF|HIF1A","36410","36523|36508|36520|36529|36547|36538|36526|36502|36514|36541|36532|36511|36544|36505|36550|36535|36517","1.77E-6","","GO:0050896","0.4064954798808856","0"
"25","3","GO Biological Process","","Positive regulation of transcription from RNA polymerase II promoter in response to stress","4.3E-4","TP53|CEBPB|HIF1A","36410","36538|36502|36517","2.06E-6","","GO:0036003","0.40143907053915606","0"
"5584","15","GO Biological Process","","Positive regulation of cellular process","4.3E-4","SNAI2|MAPK1|USF2|NFYB|EPAS1|TP53|HIF1AN|CEBPB|SMAD1|GSK3B|DNMT1|ZEB1|ETS1|MITF|HIF1A","36410","36523|36508|36520|36529|36547|36538|36526|36502|36514|36532|36511|36544|36550|36535|36517","2.01E-6","","GO:0048522","0.40143907053915606","0"
"3867","13","GO Biological Process","","System development","4.3E-4","SNAI2|MAPK1|EPAS1|TP53|CEBPB|SMAD1|FBXO45|GSK3B|ZEB1|PRDM1|STK40|MITF|HIF1A","36410","36523|36508|36547|36538|36502|36514|36541|36532|36544|36505|36499|36535|36517","2.05E-6","","GO:0048731","0.40143907053915606","0"
"1069","8","GO Biological Process","","Epithelium development","4.3E-4","SNAI2|MAPK1|EPAS1|TP53|CEBPB|SMAD1|PRDM1|HIF1A","36410","36523|36508|36547|36538|36502|36514|36505|36517","2.07E-6","","GO:0060429","0.40143907053915606","0"
"32","3","WikiPathways","","IL-17 signaling pathway","4.6E-4","MAPK1|CEBPB|GSK3B","36410","36508|36502|36532","4.11E-6","","WP2112","0.3979464848425982","0"
"36","3","WikiPathways","","Photodynamic therapy-induced HIF-1 survival signaling","4.6E-4","TP53|HIF1AN|HIF1A","36410","36538|36526|36517","5.72E-6","","WP3614","0.3979464848425982","0"
"132","4","WikiPathways","","TGF-beta signaling pathway","4.6E-4","MAPK1|TP53|ZEB1|ETS1","36410","36508|36538|36544|36550","6.15E-6","","WP366","0.3979464848425982","0"
"31","3","WikiPathways","","miRNA regulation of prostate cancer signaling pathways","4.6E-4","MAPK1|TP53|GSK3B","36410","36508|36538|36532","3.76E-6","","WP3981","0.3979464848425982","0"
"37","3","WikiPathways","","Neovascularisation processes","4.6E-4","MAPK1|SMAD1|HIF1A","36410","36508|36514|36517","6.18E-6","","WP4331","0.3979464848425982","0"
"271","5","WikiPathways","","IL-18 signaling pathway","4.6E-4","MAPK1|TP53|CEBPB|GSK3B|STK40","36410","36508|36538|36502|36532|36499","3.83E-6","","WP4754","0.3979464848425982","0"
"114","4","WikiPathways","","CKAP4 signaling pathway map","4.6E-4","MAPK1|TP53|GSK3B|ZEB1","36410","36508|36538|36532|36544","3.5E-6","","WP5322","0.3979464848425982","0"
"1094","8","GO Molecular Function","","Protein dimerization activity","4.7E-4","USF2|NFYB|EPAS1|TP53|HIF1AN|CEBPB|MITF|HIF1A","36410","36520|36529|36547|36538|36526|36502|36535|36517","2.46E-6","","GO:0046983","0.3968327416892067","0"
"4736","14","GO Biological Process","","Negative regulation of cellular process","4.8E-4","SNAI2|MAPK1|TP53|HIF1AN|CEBPB|SMAD1|GSK3B|DNMT1|ZEB1|PRDM1|STK40|ETS1|MITF|HIF1A","36410","36523|36508|36538|36526|36502|36514|36532|36511|36544|36505|36499|36550|36535|36517","2.43E-6","","GO:0048523","0.3957424475109117","0"
"1532","9","GO Biological Process","","Negative regulation of macromolecule biosynthetic process","5.1E-4","SNAI2|TP53|HIF1AN|CEBPB|GSK3B|DNMT1|ZEB1|PRDM1|MITF","36410","36523|36538|36526|36502|36532|36511|36544|36505|36535","2.7E-6","","GO:0010558","0.3926028765461008","0"
"250","5","GO Biological Process","","Cell fate commitment","5.1E-4","EPAS1|TP53|SMAD1|PRDM1|MITF","36410","36547|36538|36514|36505|36535","2.6E-6","","GO:0045165","0.3926028765461008","0"
"2019","10","GO Biological Process","","Cellular response to organic substance","5.1E-4","SNAI2|MAPK1|NFYB|TP53|CEBPB|SMAD1|GSK3B|DNMT1|ZEB1|HIF1A","36410","36523|36508|36529|36538|36502|36514|36532|36511|36544|36517","2.62E-6","","GO:0071310","0.3926028765461008","0"
"1103","8","GO Biological Process","","Cellular response to endogenous stimulus","5.1E-4","SNAI2|MAPK1|TP53|CEBPB|SMAD1|GSK3B|DNMT1|ZEB1","36410","36523|36508|36538|36502|36514|36532|36511|36544","2.61E-6","","GO:0071495","0.3926028765461008","0"
"43","3","WikiPathways","","IL6 signaling pathway","5.7E-4","MAPK1|GSK3B|PRDM1","36410","36508|36532|36505","9.46E-6","","WP364","0.3868428278386292","0"
"1717","9","UniProt Keywords","","Isopeptide bond","6.6E-4","NFYB|TP53|CEBPB|DNMT1|ZEB1|PRDM1|ETS1|MITF|HIF1A","36410","36529|36538|36502|36511|36544|36505|36550|36535|36517","6.92E-6","","KW-1017","0.3792506648341841","0"
"1592","9","GO Biological Process","","Negative regulation of cellular biosynthetic process","6.9E-4","SNAI2|TP53|HIF1AN|CEBPB|GSK3B|DNMT1|ZEB1|PRDM1|MITF","36410","36523|36538|36526|36502|36532|36511|36544|36505|36535","3.71E-6","","GO:0031327","0.3769486387114542","0"
"159","4","KEGG Pathways","","MicroRNAs in cancer","7.0E-4","MAPK1|TP53|DNMT1|ZEB1","36410","36508|36538|36511|36544","1.26E-5","","hsa05206","0.37620348829283906","0"
"518","6","GO Biological Process","","Transcription, DNA-templated","8.7E-4","EPAS1|TP53|CEBPB|SMAD1|DNMT1|ETS1","36410","36547|36538|36502|36514|36511|36550","4.84E-6","","GO:0006351","0.36494431447345316","0"
"2760","11","GO Biological Process","","Negative regulation of macromolecule metabolic process","8.7E-4","SNAI2|TP53|HIF1AN|CEBPB|SMAD1|GSK3B|DNMT1|ZEB1|PRDM1|MITF|HIF1A","36410","36523|36538|36526|36502|36514|36532|36511|36544|36505|36535|36517","5.07E-6","","GO:0010605","0.36494431447345316","0"
"823","7","GO Biological Process","","Head development","8.7E-4","MAPK1|TP53|SMAD1|FBXO45|GSK3B|ZEB1|HIF1A","36410","36508|36538|36514|36541|36532|36544|36517","4.84E-6","","GO:0060322","0.36494431447345316","0"
"125","4","GO Molecular Function","","Histone deacetylase binding","9.1E-4","TP53|CEBPB|PRDM1|HIF1A","36410","36538|36502|36505|36517","4.98E-6","","GO:0042826","0.36261641422547075","0"
"128","4","GO Biological Process","","Mammary gland development","9.3E-4","MAPK1|USF2|CEBPB|HIF1A","36410","36508|36520|36502|36517","5.46E-6","","GO:0030879","0.3614905642197469","0"
"128","4","GO Biological Process","","Cellular response to hypoxia","9.3E-4","EPAS1|TP53|HIF1AN|HIF1A","36410","36547|36538|36526|36517","5.46E-6","","GO:0071456","0.3614905642197469","0"
"611","6","UniProt Keywords","","Repressor","0.001","SNAI2|MAPK1|TP53|DNMT1|ZEB1|PRDM1","36410","36523|36508|36538|36511|36544|36505","1.23E-5","","KW-0678","0.3577323413509868","0"
"548","6","GO Biological Process","","Heart development","0.0011","SNAI2|MAPK1|TP53|SMAD1|PRDM1|HIF1A","36410","36523|36508|36538|36514|36505|36517","6.67E-6","","GO:0007507","0.35279650729216816","0"
"517","6","GO Cellular Component","","Transcription regulator complex","0.0011","NFYB|EPAS1|TP53|CEBPB|SMAD1|HIF1A","36410","36529|36547|36538|36502|36514|36517","4.79E-6","","GO:0005667","0.35279650729216816","0"
"64","3","KEGG Pathways","","Mitophagy - animal","0.0011","TP53|MITF|HIF1A","36410","36538|36535|36517","2.95E-5","","hsa04137","0.35279650729216816","0"
"187","4","KEGG Pathways","","Kaposi sarcoma-associated herpesvirus infection","0.0011","MAPK1|TP53|GSK3B|HIF1A","36410","36508|36538|36532|36517","2.35E-5","","hsa05167","0.35279650729216816","0"
"58","3","KEGG Pathways","","Endometrial cancer","0.0011","MAPK1|TP53|GSK3B","36410","36508|36538|36532","2.22E-5","","hsa05213","0.35279650729216816","0"
"2265","10","GO Biological Process","","Negative regulation of cellular metabolic process","0.0012","SNAI2|TP53|HIF1AN|CEBPB|GSK3B|DNMT1|ZEB1|PRDM1|MITF|HIF1A","36410","36523|36538|36526|36502|36532|36511|36544|36505|36535|36517","7.46E-6","","GO:0031324","0.3482904438377517","0"
"880","7","GO Biological Process","","Tube development","0.0012","MAPK1|EPAS1|SMAD1|ZEB1|PRDM1|STK40|HIF1A","36410","36508|36547|36514|36544|36505|36499|36517","7.49E-6","","GO:0035295","0.3482904438377517","0"
"210","4","KEGG Pathways","","Human T-cell leukemia virus 1 infection","0.0012","MAPK1|NFYB|TP53|ETS1","36410","36508|36529|36538|36550","3.66E-5","","hsa05166","0.3482904438377517","0"
"72","3","KEGG Pathways","","Melanoma","0.0012","MAPK1|TP53|MITF","36410","36508|36538|36535","4.14E-5","","hsa05218","0.3482904438377517","0"
"68","3","KEGG Pathways","","Central carbon metabolism in cancer","0.0012","MAPK1|TP53|HIF1A","36410","36508|36538|36517","3.51E-5","","hsa05230","0.3482904438377517","0"
"59","3","WikiPathways","","Kit receptor signaling pathway","0.0012","SNAI2|MAPK1|MITF","36410","36523|36508|36535","2.34E-5","","WP304","0.3482904438377517","0"
"6","2","WikiPathways","","MicroRNA for targeting cancer growth and vascularization in glioblastoma","0.0012","HIF1AN|HIF1A","36410","36526|36517","2.2E-5","","WP3593","0.3482904438377517","0"
"6","2","WikiPathways","","lncRNA-mediated mechanisms of therapeutic resistance","0.0012","TP53|HIF1A","36410","36538|36517","2.2E-5","","WP3672","0.3482904438377517","0"
"63","3","WikiPathways","","Endometrial cancer","0.0013","MAPK1|TP53|GSK3B","36410","36508|36538|36532","2.82E-5","","WP4155","0.34414526728361844","0"
"574","6","GO Biological Process","","Cellular response to organonitrogen compound","0.0014","MAPK1|TP53|CEBPB|GSK3B|DNMT1|ZEB1","36410","36508|36538|36502|36532|36511|36544","8.67E-6","","GO:0071417","0.34030743323758794","0"
"901","7","GO Biological Process","","Circulatory system development","0.0014","SNAI2|MAPK1|EPAS1|TP53|SMAD1|PRDM1|HIF1A","36410","36523|36508|36547|36538|36514|36505|36517","8.74E-6","","GO:0072359","0.34030743323758794","0"
"5191","14","GO Cellular Component","","Intracellular non-membrane-bounded organelle","0.0016","SNAI2|MAPK1|USF2|NFYB|EPAS1|TP53|CEBPB|SMAD1|GSK3B|DNMT1|ZEB1|ETS1|MITF|HIF1A","36410","36523|36508|36520|36529|36547|36538|36502|36514|36532|36511|36544|36550|36535|36517","7.82E-6","","GO:0043232","0.3333922349136445","0"
"82","3","KEGG Pathways","","Colorectal cancer","0.0016","MAPK1|TP53|GSK3B","36410","36508|36538|36532","6.02E-5","","hsa05210","0.3333922349136445","0"
"6357","15","GO Biological Process","","Cellular response to stimulus","0.0017","SNAI2|MAPK1|USF2|NFYB|EPAS1|TP53|HIF1AN|CEBPB|SMAD1|FBXO45|GSK3B|DNMT1|ZEB1|MITF|HIF1A","36410","36523|36508|36520|36529|36547|36538|36526|36502|36514|36541|36532|36511|36544|36535|36517","1.2E-5","","GO:0051716","0.3302526639488337","0"
"72","3","WikiPathways","","Chromosomal and microsatellite instability in colorectal cancer ","0.0018","MAPK1|TP53|GSK3B","36410","36508|36538|36532","4.14E-5","","WP4216","0.3272925977066077","0"
"8162","17","COMPARTMENTS","","Intracellular membrane-bounded organelle","0.002","SNAI2|MAPK1|USF2|NFYB|EPAS1|TP53|HIF1AN|CEBPB|SMAD1|GSK3B|DNMT1|ZEB1|PRDM1|STK40|ETS1|MITF|HIF1A","36410","36523|36508|36520|36529|36547|36538|36526|36502|36514|36532|36511|36544|36505|36499|36550|36535|36517","3.46E-6","","GOCC:0043231","0.3218362862957357","0"
"91","3","KEGG Pathways","","IL-17 signaling pathway","0.002","MAPK1|CEBPB|GSK3B","36410","36508|36502|36532","8.13E-5","","hsa04657","0.3218362862957357","0"
"7","2","UniProt Keywords","","Waardenburg syndrome","0.0021","SNAI2|MITF","36410","36523|36535","2.82E-5","","KW-0897","0.31930958710644397","0"
"95","3","KEGG Pathways","","Melanogenesis","0.0021","MAPK1|GSK3B|MITF","36410","36508|36532|36535","9.2E-5","","hsa04916","0.31930958710644397","0"
"167","4","GO Biological Process","","Cartilage development","0.0022","SNAI2|SMAD1|ZEB1|HIF1A","36410","36523|36514|36544|36517","1.52E-5","","GO:0051216","0.316900452236917","0"
"170","4","GO Biological Process","","Mesenchymal cell differentiation","0.0023","SNAI2|MAPK1|GSK3B|HIF1A","36410","36523|36508|36532|36517","1.63E-5","","GO:0048762","0.31459842611418704","0"
"5","2","GO Biological Process","","Positive regulation of transcription from RNA polymerase II promoter in response to hypoxia","0.0023","TP53|HIF1A","36410","36538|36517","1.65E-5","","GO:0061419","0.31459842611418704","0"
"1438","8","GO Biological Process","","Regulation of immune system process","0.0025","SNAI2|MAPK1|CEBPB|ZEB1|PRDM1|ETS1|MITF|HIF1A","36410","36523|36508|36502|36544|36505|36550|36535|36517","1.84E-5","","GO:0002682","0.3102803376778268","0"
"655","6","GO Biological Process","","Hemopoiesis","0.0025","SNAI2|EPAS1|TP53|CEBPB|MITF|HIF1A","36410","36523|36547|36538|36502|36535|36517","1.82E-5","","GO:0030097","0.3102803376778268","0"
"1041","7","GO Biological Process","","Apoptotic process","0.0029","SNAI2|MAPK1|TP53|CEBPB|GSK3B|MITF|HIF1A","36410","36523|36508|36538|36502|36532|36535|36517","2.23E-5","","GO:0006915","0.3025941018761861","0"
"1035","7","GO Biological Process","","Central nervous system development","0.0029","MAPK1|TP53|SMAD1|FBXO45|GSK3B|ZEB1|HIF1A","36410","36508|36538|36514|36541|36532|36544|36517","2.15E-5","","GO:0007417","0.3025941018761861","0"
"183","4","GO Biological Process","","Stem cell differentiation","0.0029","SNAI2|MAPK1|TP53|HIF1A","36410","36523|36508|36538|36517","2.16E-5","","GO:0048863","0.3025941018761861","0"
"88","3","WikiPathways","","T-cell activation SARS-CoV-2","0.003","MAPK1|TP53|GSK3B","36410","36508|36538|36532","7.38E-5","","WP5098","0.30083844016459166","0"
"89","3","WikiPathways","","ErbB signaling pathway","0.003","MAPK1|TP53|GSK3B","36410","36508|36538|36532","7.62E-5","","WP673","0.30083844016459166","0"
"188","4","GO Biological Process","","Regulation of histone modification","0.0031","SNAI2|NFYB|TP53|DNMT1","36410","36523|36529|36538|36511","2.4E-5","","GO:0031056","0.29914035162247976","0"
"112","3","KEGG Pathways","","Neurotrophin signaling pathway","0.0031","MAPK1|TP53|GSK3B","36410","36508|36538|36532","1.5E-4","","hsa04722","0.29914035162247976","0"
"1057","7","GO Biological Process","","Cellular response to oxygen-containing compound","0.0032","MAPK1|TP53|CEBPB|GSK3B|DNMT1|ZEB1|HIF1A","36410","36508|36538|36502|36532|36511|36544|36517","2.46E-5","","GO:1901701","0.29749617985839344","0"
"93","3","WikiPathways","","Thyroid hormones production and peripheral downstream signaling effects","0.0032","MAPK1|TP53|GSK3B","36410","36508|36538|36532","8.66E-5","","WP4746","0.29749617985839344","0"
"61","3","GO Biological Process","","Mammary gland epithelium development","0.0033","MAPK1|CEBPB|HIF1A","36410","36508|36502|36517","2.57E-5","","GO:0061180","0.29590260610577296","0"
"118","4","SMART Domains","","Helix loop helix domain","0.0033","USF2|EPAS1|MITF|HIF1A","36410","36520|36547|36535|36517","3.99E-6","","SM00353","0.29590260610577296","0"
"33","3","Reactome Pathways","","Oncogene Induced Senescence","0.0034","MAPK1|TP53|ETS1","36410","36508|36538|36550","4.48E-6","","HSA-2559585","0.29435660889358256","0"
"2","2","Reactome Pathways","","Regulation of TP53 Expression","0.0034","TP53|PRDM1","36410","36538|36505","4.72E-6","","HSA-6804754","0.29435660889358256","0"
"419","6","TISSUES","","Lymphocytic leukemia cell","0.0035","MAPK1|TP53|GSK3B|DNMT1|ZEB1|ETS1","36410","36508|36538|36532|36511|36544|36550","1.44E-6","","BTO:0000744","0.29285542956442795","0"
"97","3","WikiPathways","","B cell receptor signaling pathway","0.0035","MAPK1|GSK3B|ETS1","36410","36508|36532|36550","9.77E-5","","WP23","0.29285542956442795","0"
"713","6","GO Biological Process","","Negative regulation of cell population proliferation","0.0037","SNAI2|TP53|CEBPB|SMAD1|ZEB1|ETS1","36410","36523|36538|36502|36514|36544|36550","2.94E-5","","GO:0008285","0.289977630314269","0"
"711","6","GO Biological Process","","Cellular response to cytokine stimulus","0.0037","MAPK1|NFYB|TP53|CEBPB|GSK3B|HIF1A","36410","36508|36529|36538|36502|36532|36517","2.89E-5","","GO:0071345","0.289977630314269","0"
"5781","14","GO Biological Process","","Macromolecule metabolic process","0.0038","MAPK1|NFYB|EPAS1|TP53|HIF1AN|CEBPB|SMAD1|FBXO45|GSK3B|DNMT1|PRDM1|STK40|ETS1|HIF1A","36410","36508|36529|36547|36538|36526|36502|36514|36541|36532|36511|36505|36499|36550|36517","3.03E-5","","GO:0043170","0.28859656018611096","0"
"1560","8","GO Biological Process","","Regulation of protein modification process","0.0041","SNAI2|MAPK1|NFYB|EPAS1|TP53|GSK3B|DNMT1|HIF1A","36410","36523|36508|36529|36547|36538|36532|36511|36517","3.33E-5","","GO:0031399","0.2846614734155073","0"
"1572","8","GO Biological Process","","Cellular response to stress","0.0043","MAPK1|EPAS1|TP53|HIF1AN|CEBPB|FBXO45|GSK3B|HIF1A","36410","36508|36547|36538|36526|36502|36541|36532|36517","3.52E-5","","GO:0033554","0.2821949567554938","0"
"2121","9","GO Biological Process","","Immune system process","0.0045","SNAI2|MAPK1|EPAS1|TP53|CEBPB|PRDM1|ETS1|MITF|HIF1A","36410","36523|36508|36547|36538|36502|36505|36550|36535|36517","3.85E-5","","GO:0002376","0.2798405940334477","0"
"17","2","WikiPathways","","TGF-beta signaling in thyroid cells for epithelial-mesenchymal transition","0.0045","SNAI2|MAPK1","36410","36523|36508","1.3E-4","","WP3859","0.2798405940334477","0"
"301","4","WikiPathways","","Focal adhesion: PI3K-Akt-mTOR-signaling pathway","0.0045","MAPK1|EPAS1|GSK3B|HIF1A","36410","36508|36547|36532|36517","1.4E-4","","WP3932","0.2798405940334477","0"
"17","2","WikiPathways","","MAP3K1 role in promoting and blocking gonadal determination","0.0045","MAPK1|GSK3B","36410","36508|36532","1.3E-4","","WP4872","0.2798405940334477","0"
"109","3","WikiPathways","","DNA damage response (only ATM dependent)","0.0045","MAPK1|TP53|GSK3B","36410","36508|36538|36532","1.4E-4","","WP710","0.2798405940334477","0"
"19","3","STRING Clusters","","Type 2 papillary renal cell carcinoma, and Ajuba-like","0.0045","EPAS1|HIF1AN|HIF1A","36410","36547|36526|36517","9.73E-7","","CL:3820","0.2798405940334477","0"
"214","4","GO Biological Process","","Regulation of myeloid cell differentiation","0.0046","CEBPB|ETS1|MITF|HIF1A","36410","36502|36550|36535|36517","3.94E-5","","GO:0045637","0.2787023710589359","0"
"116","3","WikiPathways","","Embryonic stem cell pluripotency pathways","0.0047","MAPK1|SMAD1|GSK3B","36410","36508|36514|36532","1.6E-4","","WP3931","0.27758862790554445","0"
"19","2","WikiPathways","","Hereditary leiomyomatosis and renal cell carcinoma pathway","0.0047","TP53|HIF1A","36410","36538|36517","1.6E-4","","WP4206","0.27758862790554445","0"
"63","3","GO Molecular Function","","Promoter-specific chromatin binding","0.005","TP53|DNMT1|PRDM1","36410","36538|36511|36505","2.82E-5","","GO:1990841","0.2743842826225757","0"
"775","6","GO Biological Process","","Brain development","0.0053","TP53|SMAD1|FBXO45|GSK3B|ZEB1|HIF1A","36410","36538|36514|36541|36532|36544|36517","4.67E-5","","GO:0007420","0.2713667071455494","0"
"224","4","GO Biological Process","","Cellular response to oxidative stress","0.0053","MAPK1|EPAS1|TP53|HIF1A","36410","36508|36547|36538|36517","4.69E-5","","GO:0034599","0.2713667071455494","0"
"2188","9","GO Biological Process","","Nervous system development","0.0055","MAPK1|TP53|CEBPB|SMAD1|FBXO45|GSK3B|ZEB1|PRDM1|HIF1A","36410","36508|36538|36502|36514|36541|36532|36544|36505|36517","4.94E-5","","GO:0007399","0.269448448563757","0"
"76","3","GO Biological Process","","Positive regulation of mitochondrion organization","0.0055","TP53|GSK3B|HIF1A","36410","36538|36532|36517","4.84E-5","","GO:0010822","0.269448448563757","0"
"76","3","GO Biological Process","","Cellular response to amino acid stimulus","0.0055","CEBPB|DNMT1|ZEB1","36410","36502|36511|36544","4.84E-5","","GO:0071230","0.269448448563757","0"
"141","3","KEGG Pathways","","Signaling pathways regulating pluripotency of stem cells","0.0057","MAPK1|SMAD1|GSK3B","36410","36508|36514|36532","2.9E-4","","hsa04550","0.26759871405496694","0"
"79","3","GO Biological Process","","Epithelial to mesenchymal transition","0.0059","SNAI2|GSK3B|HIF1A","36410","36523|36532|36517","5.41E-5","","GO:0001837","0.265812776364366","0"
"232","4","GO Biological Process","","Cellular response to biotic stimulus","0.0059","MAPK1|TP53|CEBPB|GSK3B","36410","36508|36538|36502|36532","5.37E-5","","GO:0071216","0.265812776364366","0"
"150","3","KEGG Pathways","","Cellular senescence","0.0059","MAPK1|TP53|ETS1","36410","36508|36538|36550","3.4E-4","","hsa04218","0.265812776364366","0"
"154","3","KEGG Pathways","","Hippo signaling pathway","0.0059","SNAI2|SMAD1|GSK3B","36410","36523|36514|36532","3.7E-4","","hsa04390","0.265812776364366","0"
"146","3","KEGG Pathways","","Breast cancer","0.0059","MAPK1|TP53|GSK3B","36410","36508|36538|36532","3.2E-4","","hsa05224","0.265812776364366","0"
"146","3","KEGG Pathways","","Gastric cancer","0.0059","MAPK1|TP53|GSK3B","36410","36508|36538|36532","3.2E-4","","hsa05226","0.265812776364366","0"
"157","3","KEGG Pathways","","Hepatitis C","0.006","MAPK1|TP53|GSK3B","36410","36508|36538|36532","3.9E-4","","hsa05160","0.26494238510934054","0"
"161","3","KEGG Pathways","","Hepatocellular carcinoma","0.0061","MAPK1|TP53|GSK3B","36410","36508|36538|36532","4.2E-4","","hsa05225","0.2640863811472582","0"
"130","3","WikiPathways","","Adipogenesis","0.0061","EPAS1|CEBPB|HIF1A","36410","36547|36502|36517","2.3E-4","","WP236","0.2640863811472582","0"
"23","2","WikiPathways","","NRF2-ARE regulation","0.0061","CEBPB|GSK3B","36410","36502|36532","2.3E-4","","WP4357","0.2640863811472582","0"
"81","3","GO Biological Process","","Neural crest cell development","0.0063","SNAI2|MAPK1|HIF1A","36410","36523|36508|36517","5.81E-5","","GO:0014032","0.2624156859200488","0"
"165","3","KEGG Pathways","","Tuberculosis","0.0063","MAPK1|NFYB|CEBPB","36410","36508|36529|36502","4.5E-4","","hsa05152","0.2624156859200488","0"
"163","4","Reactome Pathways","","Cellular Senescence","0.0063","MAPK1|TP53|CEBPB|ETS1","36410","36508|36538|36502|36550","1.38E-5","","HSA-2559583","0.2624156859200488","0"
"5","2","Reactome Pathways","","PTK6 Expression","0.0063","EPAS1|HIF1A","36410","36547|36517","1.65E-5","","HSA-8849473","0.2624156859200488","0"
"11","2","GO Biological Process","","Regulation of transcription from RNA polymerase II promoter in response to oxidative stress","0.0065","EPAS1|HIF1A","36410","36547|36517","6.1E-5","","GO:0043619","0.2607972085552073","0"
"70","3","GO Molecular Function","","p53 binding","0.0065","TP53|GSK3B|HIF1A","36410","36538|36532|36517","3.82E-5","","GO:0002039","0.2607972085552073","0"
"25","2","WikiPathways","","IL-7 signaling pathway","0.0069","MAPK1|GSK3B","36410","36508|36532","2.7E-4","","WP205","0.2577045249277919","0"
"25","2","WikiPathways","","Differentiation of white and brown adipocyte","0.0069","CEBPB|SMAD1","36410","36502|36514","2.7E-4","","WP2895","0.2577045249277919","0"
"1719","8","GO Biological Process","","Cell development","0.007","SNAI2|MAPK1|EPAS1|CEBPB|FBXO45|GSK3B|PRDM1|HIF1A","36410","36523|36508|36547|36502|36541|36532|36505|36517","6.69E-5","","GO:0048468","0.2569593745091768","0"
"7","2","COMPARTMENTS","","VCB complex","0.0072","EPAS1|HIF1A","36410","36547|36517","2.82E-5","","GOCC:0030891","0.2555004875961054","0"
"1476","8","Reactome Pathways","","Gene expression (Transcription)","0.0073","MAPK1|NFYB|TP53|CEBPB|SMAD1|GSK3B|DNMT1|PRDM1","36410","36508|36529|36538|36502|36514|36532|36511|36505","2.23E-5","","HSA-74160","0.2547861719867464","0"
"60","3","Reactome Pathways","","Regulation of PTEN gene transcription","0.0073","SNAI2|MAPK1|TP53","36410","36523|36508|36538","2.45E-5","","HSA-8943724","0.2547861719867464","0"
"12","2","GO Biological Process","","ER overload response","0.0074","TP53|GSK3B","36410","36538|36532","7.12E-5","","GO:0006983","0.25408157525901787","0"
"503","5","GO Biological Process","","Response to growth factor","0.0074","SNAI2|MAPK1|TP53|SMAD1|ZEB1","36410","36523|36508|36538|36514|36544","7.22E-5","","GO:0070848","0.25408157525901787","0"
"12","2","GO Biological Process","","Positive regulation of transcription from RNA polymerase II promoter in response to endoplasmic reticulum stress","0.0074","TP53|CEBPB","36410","36538|36502","7.12E-5","","GO:1990440","0.25408157525901787","0"
"508","5","GO Biological Process","","Positive regulation of organelle organization","0.0077","MAPK1|TP53|GSK3B|DNMT1|HIF1A","36410","36508|36538|36532|36511|36517","7.57E-5","","GO:0010638","0.25202354045035813","0"
"508","5","GO Biological Process","","Cellular response to organic cyclic compound","0.0077","MAPK1|CEBPB|SMAD1|GSK3B|DNMT1","36410","36508|36502|36514|36532|36511","7.57E-5","","GO:0071407","0.25202354045035813","0"
"37","2","KEGG Pathways","","Thyroid cancer","0.0077","MAPK1|TP53","36410","36508|36538","5.7E-4","","hsa05216","0.25202354045035813","0"
"513","5","GO Biological Process","","Skeletal system development","0.008","SNAI2|TP53|SMAD1|ZEB1|HIF1A","36410","36523|36538|36514|36544|36517","7.92E-5","","GO:0001501","0.2500441761852334","0"
"28","2","WikiPathways","","Angiotensin II receptor type 1 pathway","0.008","MAPK1|HIF1A","36410","36508|36517","3.4E-4","","WP5036","0.2500441761852334","0"
"154","3","WikiPathways","","Breast cancer pathway","0.0085","MAPK1|TP53|GSK3B","36410","36508|36538|36532","3.7E-4","","WP4262","0.2469046052204225","0"
"40","2","KEGG Pathways","","Bladder cancer","0.0086","MAPK1|TP53","36410","36508|36538","6.6E-4","","hsa05219","0.24629890170024263","0"
"1290","7","GO Biological Process","","Neurogenesis","0.0088","MAPK1|TP53|CEBPB|FBXO45|GSK3B|PRDM1|HIF1A","36410","36508|36538|36502|36541|36532|36505|36517","8.76E-5","","GO:0022008","0.24510834212641472","0"
"94","3","GO Biological Process","","Regulation of protein acetylation","0.0089","SNAI2|NFYB|GSK3B","36410","36523|36529|36532","8.93E-5","","GO:1901983","0.24452317137354895","0"
"194","3","KEGG Pathways","","Proteoglycans in cancer","0.0089","MAPK1|TP53|HIF1A","36410","36508|36538|36517","7.2E-4","","hsa05205","0.24452317137354895","0"
"14","2","GO Biological Process","","Intestinal epithelial cell development","0.0092","PRDM1|HIF1A","36410","36505|36517","9.37E-5","","GO:0060576","0.2428063160036848","0"
"15","2","GO Biological Process","","Lactate metabolic process","0.0101","TP53|HIF1A","36410","36538|36517","1.1E-4","","GO:0006089","0.23797292918028537","0"
"899","6","GO Biological Process","","Negative regulation of gene expression","0.0101","TP53|SMAD1|GSK3B|DNMT1|PRDM1|HIF1A","36410","36538|36514|36532|36511|36505|36517","1.1E-4","","GO:0010629","0.23797292918028537","0"
"15","2","GO Biological Process","","Mammary gland epithelial cell proliferation","0.0101","MAPK1|CEBPB","36410","36508|36502","1.1E-4","","GO:0033598","0.23797292918028537","0"
"2403","9","GO Biological Process","","Negative regulation of nitrogen compound metabolic process","0.0101","SNAI2|TP53|HIF1AN|CEBPB|GSK3B|DNMT1|ZEB1|PRDM1|MITF","36410","36523|36538|36526|36502|36532|36511|36544|36505|36535","1.0E-4","","GO:0051172","0.23797292918028537","0"
"15","2","GO Biological Process","","Regulation of thymocyte apoptotic process","0.0101","TP53|HIF1A","36410","36538|36517","1.1E-4","","GO:0070243","0.23797292918028537","0"
"276","4","GO Biological Process","","Sensory organ morphogenesis","0.0101","MAPK1|ZEB1|PRDM1|HIF1A","36410","36508|36544|36505|36517","1.0E-4","","GO:0090596","0.23797292918028537","0"
"101","3","GO Biological Process","","Tissue remodeling","0.0102","EPAS1|MITF|HIF1A","36410","36547|36535|36517","1.1E-4","","GO:0048771","0.23746270770718741","0"
"33","2","WikiPathways","","Mammary gland development pathway - Pregnancy and lactation (Stage 3 of 4)","0.0103","USF2|CEBPB","36410","36520|36502","4.6E-4","","WP2817","0.23695746408391455","0"
"33","2","WikiPathways","","Type 2 papillary renal cell carcinoma","0.0103","EPAS1|HIF1A","36410","36547|36517","4.6E-4","","WP4241","0.23695746408391455","0"
"72","3","Reactome Pathways","","Cellular response to hypoxia","0.0105","EPAS1|HIF1AN|HIF1A","36410","36547|36526|36517","4.14E-5","","HSA-1234174","0.2359615283780328","0"
"2","2","Pfam","","HIF-1 alpha C terminal transactivation domain","0.0109","EPAS1|HIF1A","36410","36547|36517","4.72E-6","","PF08778","0.23402533798836883","0"
"3","2","Pfam","","Hypoxia-inducible factor-1","0.0109","EPAS1|HIF1A","36410","36547|36517","7.86E-6","","PF11413","0.23402533798836883","0"
"35","2","WikiPathways","","Influence of laminopathies on Wnt signaling","0.0109","CEBPB|GSK3B","36410","36502|36532","5.1E-4","","WP4844","0.23402533798836883","0"
"1373","7","GO Biological Process","","Regulation of response to stress","0.0118","SNAI2|MAPK1|TP53|CEBPB|GSK3B|ETS1|HIF1A","36410","36523|36508|36538|36502|36532|36550|36517","1.3E-4","","GO:0080134","0.22991672130911486","0"
"10","2","Reactome Pathways","","Regulation of gene expression by Hypoxia-inducible Factor","0.0118","EPAS1|HIF1A","36410","36547|36517","5.17E-5","","HSA-1234158","0.22991672130911486","0"
"1215","7","Reactome Pathways","","Generic Transcription Pathway","0.0118","MAPK1|NFYB|TP53|CEBPB|SMAD1|GSK3B|PRDM1","36410","36508|36529|36538|36502|36514|36532|36505","5.99E-5","","HSA-212436","0.22991672130911486","0"
"10","2","Reactome Pathways","","STAT3 nuclear events downstream of ALK signaling","0.0118","PRDM1|HIF1A","36410","36505|36517","5.17E-5","","HSA-9701898","0.22991672130911486","0"
"434","4","WikiPathways","","Malignant pleural mesothelioma","0.0118","MAPK1|TP53|GSK3B|HIF1A","36410","36508|36538|36532|36517","5.7E-4","","WP5087","0.22991672130911486","0"
"218","3","KEGG Pathways","","Shigellosis","0.0119","MAPK1|TP53|GSK3B","36410","36508|36538|36532","0.001","","hsa05131","0.22947969710702365","0"
"217","3","KEGG Pathways","","Human cytomegalovirus infection","0.0119","MAPK1|TP53|GSK3B","36410","36508|36538|36532","9.9E-4","","hsa05163","0.22947969710702365","0"
"938","6","GO Biological Process","","Anatomical structure formation involved in morphogenesis","0.0121","SNAI2|MAPK1|EPAS1|TP53|SMAD1|HIF1A","36410","36523|36508|36547|36538|36514|36517","1.3E-4","","GO:0048646","0.22861655944968715","0"
"577","5","GO Biological Process","","Sensory organ development","0.0123","MAPK1|ZEB1|PRDM1|MITF|HIF1A","36410","36508|36544|36505|36535|36517","1.4E-4","","GO:0007423","0.22776757222911215","0"
"1394","7","GO Biological Process","","Macromolecule biosynthetic process","0.0127","EPAS1|TP53|CEBPB|SMAD1|DNMT1|ETS1|HIF1A","36410","36547|36538|36502|36514|36511|36550|36517","1.4E-4","","GO:0009059","0.22611024485448492","0"
"39","2","WikiPathways","","Bladder cancer","0.0127","MAPK1|TP53","36410","36508|36538","6.3E-4","","WP2828","0.22611024485448492","0"
"111","3","GO Biological Process","","Positive regulation of histone modification","0.0128","SNAI2|TP53|DNMT1","36410","36523|36538|36511","1.4E-4","","GO:0031058","0.22570406974789115","0"
"40","2","WikiPathways","","IL-5 signaling pathway","0.0129","MAPK1|GSK3B","36410","36508|36532","6.6E-4","","WP127","0.22530105556909866","0"
"18","2","GO Biological Process","","Mammary gland epithelial cell differentiation","0.013","CEBPB|HIF1A","36410","36502|36517","1.5E-4","","GO:0060644","0.22490115349995618","0"
"11512","18","COMPARTMENTS","","Intracellular","0.0133","SNAI2|MAPK1|USF2|NFYB|EPAS1|TP53|HIF1AN|CEBPB|SMAD1|FBXO45|GSK3B|DNMT1|ZEB1|PRDM1|STK40|ETS1|MITF|HIF1A","36410","36523|36508|36520|36529|36547|36538|36526|36502|36514|36541|36532|36511|36544|36505|36499|36550|36535|36517","6.36E-5","","GOCC:0005622","0.22371964839955208","0"
"590","5","GO Biological Process","","Embryonic morphogenesis","0.0133","MAPK1|TP53|SMAD1|ZEB1|HIF1A","36410","36508|36538|36514|36544|36517","1.5E-4","","GO:0048598","0.22371964839955208","0"
"256","4","GO Cellular Component","","RNA polymerase II transcription regulator complex","0.0133","NFYB|CEBPB|SMAD1|HIF1A","36410","36529|36502|36514|36517","7.82E-5","","GO:0090575","0.22371964839955208","0"
"42","2","WikiPathways","","TNF-related weak inducer of apoptosis (TWEAK) signaling pathway","0.0139","MAPK1|GSK3B","36410","36508|36532","7.3E-4","","WP2036","0.22143455445307753","0"
"43","2","WikiPathways","","Heart development","0.0142","MAPK1|SMAD1","36410","36508|36514","7.6E-4","","WP1591","0.2203287389017858","0"
"6643","14","GO Biological Process","","Nitrogen compound metabolic process","0.0145","MAPK1|NFYB|EPAS1|TP53|HIF1AN|CEBPB|SMAD1|FBXO45|GSK3B|DNMT1|PRDM1|STK40|ETS1|HIF1A","36410","36508|36529|36547|36538|36526|36502|36514|36541|36532|36511|36505|36499|36550|36517","1.7E-4","","GO:0006807","0.21924604314777493","0"
"315","4","GO Biological Process","","Regulation of leukocyte differentiation","0.0147","CEBPB|ZEB1|PRDM1|MITF","36410","36502|36544|36505|36535","1.7E-4","","GO:1902105","0.21853662026463394","0"
"20","2","GO Biological Process","","Regulation of protein neddylation","0.0152","EPAS1|HIF1A","36410","36547|36517","1.8E-4","","GO:2000434","0.21680445007560867","0"
"122","3","GO Biological Process","","Cerebral cortex development","0.0158","FBXO45|GSK3B|HIF1A","36410","36541|36532|36517","1.9E-4","","GO:0021987","0.21479953928660048","0"
"324","4","GO Biological Process","","Regulation of neuron death","0.0159","TP53|CEBPB|GSK3B|HIF1A","36410","36538|36502|36532|36517","1.9E-4","","GO:1901214","0.21447280595915424","0"
"266","4","Reactome Pathways","","PIP3 activates AKT signaling","0.0159","SNAI2|MAPK1|TP53|GSK3B","36410","36523|36508|36538|36532","9.05E-5","","HSA-1257604","0.21447280595915424","0"
"125","3","GO Biological Process","","Regulation of osteoblast differentiation","0.0168","SNAI2|CEBPB|SMAD1","36410","36523|36502|36514","2.0E-4","","GO:0045667","0.21162142194069053","0"
"48","2","WikiPathways","","Hepatitis C and hepatocellular carcinoma","0.0171","TP53|HIF1A","36410","36538|36517","9.4E-4","","WP3646","0.21070481286857182","0"
"22","2","GO Biological Process","","Negative regulation of keratinocyte proliferation","0.0176","SNAI2|ZEB1","36410","36523|36544","2.1E-4","","GO:0010839","0.20921228707116357","0"
"63","2","KEGG Pathways","","Basal cell carcinoma","0.0177","TP53|GSK3B","36410","36538|36532","0.0016","","hsa05217","0.2089188751779709","0"
"50","2","WikiPathways","","Synaptic signaling pathways associated with autism spectrum disorder","0.0178","MAPK1|GSK3B","36410","36508|36532","0.001","","WP4539","0.2086271163182978","0"
"218","3","WikiPathways","","Network map of SARS-CoV-2 signaling pathway","0.0178","CEBPB|SMAD1|HIF1A","36410","36502|36514|36517","0.001","","WP5115","0.2086271163182978","0"
"53","2","WikiPathways","","Apoptosis-related network due to altered Notch3 in ovarian cancer","0.0179","MAPK1|ETS1","36410","36508|36550","0.0011","","WP2864","0.20833699197061428","0"
"51","2","WikiPathways","","Copper homeostasis","0.0179","TP53|GSK3B","36410","36538|36532","0.0011","","WP3286","0.20833699197061428","0"
"51","2","WikiPathways","","Wnt signaling pathway","0.0179","MAPK1|GSK3B","36410","36508|36532","0.0011","","WP363","0.20833699197061428","0"
"52","2","WikiPathways","","Netrin-UNC5B signaling pathway","0.0179","MAPK1|TP53","36410","36508|36538","0.0011","","WP4747","0.20833699197061428","0"
"52","2","WikiPathways","","NRP1-triggered signaling pathways in pancreatic cancer ","0.0179","SNAI2|MAPK1","36410","36523|36508","0.0011","","WP5144","0.20833699197061428","0"
"55","2","WikiPathways","","RANKL/RANK signaling pathway","0.018","MAPK1|MITF","36410","36508|36535","0.0012","","WP2018","0.20804848392294542","0"
"54","2","WikiPathways","","Cardiac hypertrophic response","0.018","MAPK1|GSK3B","36410","36508|36532","0.0012","","WP2795","0.20804848392294542","0"
"54","2","WikiPathways","","IL-4 signaling pathway","0.018","MAPK1|CEBPB","36410","36508|36502","0.0012","","WP395","0.20804848392294542","0"
"55","2","WikiPathways","","Overlap between signal transduction pathways contributing to LMNA laminopathies","0.018","CEBPB|GSK3B","36410","36502|36532","0.0012","","WP4879","0.20804848392294542","0"
"23","2","GO Biological Process","","Epithelial cell maturation","0.019","EPAS1|HIF1A","36410","36547|36517","2.3E-4","","GO:0002070","0.20524850145769982","0"
"131","3","GO Biological Process","","Regulation of generation of precursor metabolites and energy","0.019","TP53|GSK3B|HIF1A","36410","36538|36532|36517","2.3E-4","","GO:0043467","0.20524850145769982","0"
"23","2","GO Biological Process","","Negative regulation of stem cell proliferation","0.019","SNAI2|TP53","36410","36523|36538","2.3E-4","","GO:2000647","0.20524850145769982","0"
"3358","10","GO Biological Process","","Response to stress","0.0192","MAPK1|EPAS1|TP53|HIF1AN|CEBPB|SMAD1|FBXO45|GSK3B|PRDM1|HIF1A","36410","36508|36547|36538|36526|36502|36514|36541|36532|36505|36517","2.4E-4","","GO:0006950","0.20470622361674715","0"
"58","2","WikiPathways","","MET in type 1 papillary renal cell carcinoma","0.0192","MAPK1|ETS1","36410","36508|36550","0.0014","","WP4205","0.20470622361674715","0"
"1518","7","GO Biological Process","","Intracellular signal transduction","0.0193","MAPK1|TP53|CEBPB|SMAD1|GSK3B|DNMT1|HIF1A","36410","36508|36538|36502|36514|36532|36511|36517","2.4E-4","","GO:0035556","0.20443719932024515","0"
"107","3","Reactome Pathways","","Interleukin-4 and Interleukin-13 signaling","0.0197","TP53|ZEB1|HIF1A","36410","36538|36544|36517","1.3E-4","","HSA-6785807","0.20337486338946592","0"
"70","2","KEGG Pathways","","Platinum drug resistance","0.0199","MAPK1|TP53","36410","36508|36538","0.0019","","hsa01524","0.20285175731932797","0"
"69","2","KEGG Pathways","","Adherens junction","0.0199","SNAI2|MAPK1","36410","36523|36508","0.0019","","hsa04520","0.20285175731932797","0"
"68","2","KEGG Pathways","","Prolactin signaling pathway","0.0199","MAPK1|GSK3B","36410","36508|36532","0.0018","","hsa04917","0.20285175731932797","0"
"71","2","KEGG Pathways","","Pancreatic cancer","0.0199","MAPK1|TP53","36410","36508|36538","0.002","","hsa05212","0.20285175731932797","0"
"71","2","KEGG Pathways","","Glioma","0.0199","MAPK1|TP53","36410","36508|36538","0.002","","hsa05214","0.20285175731932797","0"
"68","2","KEGG Pathways","","Non-small cell lung cancer","0.0199","MAPK1|TP53","36410","36508|36538","0.0018","","hsa05223","0.20285175731932797","0"
"75","2","KEGG Pathways","","Chronic myeloid leukemia","0.0201","MAPK1|TP53","36410","36508|36538","0.0022","","hsa05220","0.20233388239751798","0"
"77","2","KEGG Pathways","","EGFR tyrosine kinase inhibitor resistance","0.0206","MAPK1|GSK3B","36410","36508|36532","0.0023","","hsa01521","0.2010614090286634","0"
"78","2","KEGG Pathways","","B cell receptor signaling pathway","0.0206","MAPK1|GSK3B","36410","36508|36532","0.0024","","hsa04662","0.2010614090286634","0"
"137","3","GO Biological Process","","Regulation of muscle cell differentiation","0.0207","SMAD1|DNMT1|ZEB1","36410","36514|36511|36544","2.6E-4","","GO:0051147","0.20081062374139677","0"
"61","2","WikiPathways","","Notch signaling pathway","0.0207","GSK3B|HIF1A","36410","36532|36517","0.0015","","WP61","0.20081062374139677","0"
"62","2","WikiPathways","","DYRK1A","0.021","TP53|GSK3B","36410","36538|36532","0.0015","","WP5180","0.20006547332278166","0"
"2540","9","Reactome Pathways","","Signal Transduction","0.0211","SNAI2|MAPK1|USF2|EPAS1|TP53|SMAD1|GSK3B|PRDM1|HIF1A","36410","36523|36508|36520|36547|36538|36514|36532|36505|36517","1.6E-4","","HSA-162582","0.1998194535697611","0"
"18","2","Reactome Pathways","","SUMOylation of transcription factors","0.0211","TP53|MITF","36410","36538|36535","1.5E-4","","HSA-3232118","0.1998194535697611","0"
"119","3","Reactome Pathways","","Transcriptional regulation by RUNX2","0.0211","MAPK1|SMAD1|GSK3B","36410","36508|36514|36532","1.8E-4","","HSA-8878166","0.1998194535697611","0"
"19","2","Reactome Pathways","","Nuclear events stimulated by ALK signaling in cancer","0.0211","MAPK1|CEBPB","36410","36508|36502","1.6E-4","","HSA-9725371","0.1998194535697611","0"
"357","4","GO Biological Process","","Transcription by RNA polymerase II","0.0214","EPAS1|CEBPB|SMAD1|ETS1","36410","36547|36502|36514|36550","2.8E-4","","GO:0006366","0.19908832998238443","0"
"2101","8","GO Biological Process","","Gene expression","0.0214","EPAS1|TP53|CEBPB|SMAD1|DNMT1|PRDM1|ETS1|HIF1A","36410","36547|36538|36502|36514|36511|36505|36550|36517","2.8E-4","","GO:0010467","0.19908832998238443","0"
"81","2","KEGG Pathways","","ErbB signaling pathway","0.0215","MAPK1|GSK3B","36410","36508|36532","0.0026","","hsa04012","0.19884689802708264","0"
"64","2","WikiPathways","","3q29 copy number variation syndrome","0.022","FBXO45|HIF1A","36410","36541|36517","0.0016","","WP4906","0.19765633845325473","0"
"65","2","WikiPathways","","Physico-chemical features and toxicity-associated pathways","0.0222","MAPK1|GSK3B","36410","36508|36532","0.0017","","WP3680","0.19718767407262272","0"
"66","2","WikiPathways","","AGE/RAGE pathway","0.0225","MAPK1|HIF1A","36410","36508|36517","0.0017","","WP2324","0.19649253530503655","0"
"365","4","GO Biological Process","","Regulation of apoptotic signaling pathway","0.0231","SNAI2|TP53|GSK3B|HIF1A","36410","36523|36538|36532|36517","3.0E-4","","GO:2001233","0.19512963926396298","0"
"68","2","WikiPathways","","RAC1/PAK1/p38/MMP2 pathway","0.0235","MAPK1|TP53","36410","36508|36538","0.0018","","WP3303","0.1942405691771333","0"
"17","2","COMPARTMENTS","","Type III intermediate filament","0.0236","SNAI2|ZEB1","36410","36523|36544","1.3E-4","","GOCC:0045098","0.19402066625386377","0"
"69","2","WikiPathways","","Th17 cell differentiation pathway","0.0237","MAPK1|HIF1A","36410","36508|36517","0.0019","","WP5130","0.19380169315545648","0"
"87","2","KEGG Pathways","","PD-L1 expression and PD-1 checkpoint pathway in cancer","0.0241","MAPK1|HIF1A","36410","36508|36517","0.0029","","hsa05235","0.19293494387522878","0"
"324","3","KEGG Pathways","","Human papillomavirus infection","0.0245","MAPK1|TP53|GSK3B","36410","36508|36538|36532","0.0031","","hsa05165","0.19208246272261795","0"
"1107","6","GO Biological Process","","Response to abiotic stimulus","0.0251","SNAI2|EPAS1|TP53|HIF1AN|PRDM1|HIF1A","36410","36523|36547|36538|36526|36505|36517","3.3E-4","","GO:0009628","0.19082948884669987","0"
"91","2","KEGG Pathways","","TGF-beta signaling pathway","0.0251","MAPK1|SMAD1","36410","36508|36514","0.0032","","hsa04350","0.19082948884669987","0"
"114","4","InterPro Domains","","Myc-type, basic helix-loop-helix (bHLH) domain","0.0251","USF2|EPAS1|MITF|HIF1A","36410","36520|36547|36535|36517","3.5E-6","","IPR011598","0.19082948884669987","0"
"2","2","InterPro Domains","","HIF-1 alpha, transactivation domain, C-terminal","0.0251","EPAS1|HIF1A","36410","36547|36517","4.72E-6","","IPR014887","0.19082948884669987","0"
"3","2","InterPro Domains","","Hypoxia-inducible factor, alpha subunit-like","0.0251","EPAS1|HIF1A","36410","36547|36517","7.86E-6","","IPR021537","0.19082948884669987","0"
"114","4","InterPro Domains","","Helix-loop-helix DNA-binding domain superfamily","0.0251","USF2|EPAS1|MITF|HIF1A","36410","36520|36547|36535|36517","3.5E-6","","IPR036638","0.19082948884669987","0"
"72","2","WikiPathways","","Non-small cell lung cancer","0.0254","MAPK1|TP53","36410","36508|36538","0.002","","WP4255","0.19021418979923377","0"
"72","2","WikiPathways","","Extrafollicular and follicular B cell activation by SARS-CoV-2","0.0254","PRDM1|ETS1","36410","36505|36550","0.002","","WP5218","0.19021418979923377","0"
"114","3","GO Molecular Function","","Transcription coregulator binding","0.0256","EPAS1|ETS1|HIF1A","36410","36547|36550|36517","1.6E-4","","GO:0001221","0.18980801469264003","0"
"74","2","WikiPathways","","Non-genomic actions of 1,25 dihydroxyvitamin D3","0.0259","MAPK1|ETS1","36410","36508|36550","0.0022","","WP4341","0.18920466347245896","0"
"94","2","KEGG Pathways","","Endocrine resistance","0.0261","MAPK1|TP53","36410","36508|36538","0.0034","","hsa01522","0.18880629950339578","0"
"95","2","KEGG Pathways","","Choline metabolism in cancer","0.0261","MAPK1|HIF1A","36410","36508|36517","0.0035","","hsa05231","0.18880629950339578","0"
"151","3","GO Biological Process","","Cellular response to transforming growth factor beta stimulus","0.0265","TP53|SMAD1|ZEB1","36410","36538|36514|36544","3.5E-4","","GO:0071560","0.18801864841713825","0"
"382","4","GO Biological Process","","Eye development","0.0267","ZEB1|PRDM1|MITF|HIF1A","36410","36544|36505|36535|36517","3.6E-4","","GO:0001654","0.18762927018715383","0"
"76","2","WikiPathways","","Leptin signaling pathway","0.0268","MAPK1|GSK3B","36410","36508|36532","0.0023","","WP2034","0.18743567347341086","0"
"76","2","WikiPathways","","Prolactin signaling pathway","0.0268","MAPK1|GSK3B","36410","36508|36532","0.0023","","WP2037","0.18743567347341086","0"
"712","5","GO Biological Process","","Regulation of cellular response to stress","0.027","SNAI2|MAPK1|TP53|GSK3B|HIF1A","36410","36523|36508|36538|36532|36517","3.6E-4","","GO:0080135","0.1870506377918014","0"
"1131","6","GO Biological Process","","Generation of neurons","0.0273","TP53|CEBPB|FBXO45|GSK3B|PRDM1|HIF1A","36410","36538|36502|36541|36532|36505|36517","3.7E-4","","GO:0048699","0.18647839925541332","0"
"102","2","KEGG Pathways","","HIF-1 signaling pathway","0.0275","MAPK1|HIF1A","36410","36508|36517","0.004","","hsa04066","0.18610038983534585","0"
"349","3","KEGG Pathways","","PI3K-Akt signaling pathway","0.0275","MAPK1|TP53|GSK3B","36410","36508|36538|36532","0.0038","","hsa04151","0.18610038983534585","0"
"99","2","KEGG Pathways","","Th17 cell differentiation","0.0275","MAPK1|HIF1A","36410","36508|36517","0.0038","","hsa04659","0.18610038983534585","0"
"100","2","KEGG Pathways","","T cell receptor signaling pathway","0.0275","MAPK1|GSK3B","36410","36508|36532","0.0038","","hsa04660","0.18610038983534585","0"
"317","4","GO Molecular Function","","Ubiquitin-like protein ligase binding","0.028","TP53|CEBPB|GSK3B|HIF1A","36410","36538|36502|36532|36517","1.8E-4","","GO:0044389","0.18516726439867454","0"
"30","2","GO Biological Process","","Regulation of smooth muscle cell differentiation","0.0282","DNMT1|ZEB1","36410","36511|36544","3.8E-4","","GO:0051150","0.18479867166389816","0"
"391","4","GO Biological Process","","Forebrain development","0.0283","FBXO45|GSK3B|ZEB1|HIF1A","36410","36541|36532|36544|36517","3.9E-4","","GO:0030900","0.18461535444375088","0"
"159","3","GO Biological Process","","Eye morphogenesis","0.0292","ZEB1|PRDM1|HIF1A","36410","36544|36505|36517","4.1E-4","","GO:0048592","0.18299406187624415","0"
"31","2","GO Biological Process","","Positive regulation of erythrocyte differentiation","0.0293","ETS1|HIF1A","36410","36550|36517","4.1E-4","","GO:0045648","0.18281701192391148","0"
"7156","14","GO Biological Process","","Primary metabolic process","0.0294","MAPK1|NFYB|EPAS1|TP53|HIF1AN|CEBPB|SMAD1|FBXO45|GSK3B|DNMT1|PRDM1|STK40|ETS1|HIF1A","36410","36508|36529|36547|36538|36526|36502|36514|36541|36532|36511|36505|36499|36550|36517","4.1E-4","","GO:0044238","0.1826405652093828","0"
"83","2","WikiPathways","","MicroRNAs in cardiomyocyte hypertrophy","0.0301","MAPK1|GSK3B","36410","36508|36532","0.0027","","WP1544","0.18142198991368377","0"
"82","2","WikiPathways","","Glioblastoma signaling pathways","0.0301","MAPK1|TP53","36410","36508|36538","0.0026","","WP2261","0.18142198991368377","0"
"82","2","WikiPathways","","Clear cell renal cell carcinoma pathways","0.0301","ZEB1|HIF1A","36410","36544|36517","0.0026","","WP4018","0.18142198991368377","0"
"83","2","WikiPathways","","EGFR tyrosine kinase inhibitor resistance","0.0301","MAPK1|GSK3B","36410","36508|36532","0.0027","","WP4806","0.18142198991368377","0"
"85","2","WikiPathways","","Acute viral myocarditis","0.0305","MAPK1|GSK3B","36410","36508|36532","0.0028","","WP4298","0.18073832241884705","0"
"32","2","GO Biological Process","","Positive regulation of mitochondrial membrane permeability","0.0308","TP53|GSK3B","36410","36538|36532","4.3E-4","","GO:0035794","0.18023143033985584","0"
"86","2","WikiPathways","","Pancreatic adenocarcinoma pathway","0.0308","MAPK1|TP53","36410","36508|36538","0.0029","","WP4263","0.18023143033985584","0"
"87","2","WikiPathways","","Retinoblastoma gene in cancer","0.031","TP53|DNMT1","36410","36538|36511","0.0029","","WP2446","0.1798962378388175","0"
"2898","9","GO Biological Process","","Macromolecule modification","0.0313","MAPK1|NFYB|HIF1AN|SMAD1|FBXO45|GSK3B|DNMT1|PRDM1|STK40","36410","36508|36529|36526|36514|36541|36532|36511|36505|36499","4.5E-4","","GO:0043412","0.17939748219608628","0"
"11025","17","GO Biological Process","","Regulation of cellular process","0.0313","SNAI2|MAPK1|USF2|NFYB|EPAS1|TP53|HIF1AN|CEBPB|SMAD1|GSK3B|DNMT1|ZEB1|PRDM1|STK40|ETS1|MITF|HIF1A","36410","36523|36508|36520|36529|36547|36538|36526|36502|36514|36532|36511|36544|36505|36499|36550|36535|36517","4.4E-4","","GO:0050794","0.17939748219608628","0"
"111","2","KEGG Pathways","","TNF signaling pathway","0.0315","MAPK1|CEBPB","36410","36508|36502","0.0047","","hsa04668","0.17906762719163768","0"
"1067","7","TISSUES","","Leukemia cell","0.0317","MAPK1|TP53|GSK3B|DNMT1|ZEB1|ETS1|MITF","36410","36508|36538|36532|36511|36544|36550|36535","2.61E-5","","BTO:0001271","0.17873985989107313","0"
"2369","9","TISSUES","","Embryonic structure","0.0318","SNAI2|NFYB|EPAS1|TP53|CEBPB|GSK3B|ZEB1|MITF|HIF1A","36410","36523|36529|36547|36538|36502|36532|36544|36535|36517","9.29E-5","","BTO:0000174","0.1785767509039031","0"
"322","4","TISSUES","","Cervical carcinoma cell","0.0318","MAPK1|GSK3B|DNMT1|ZEB1","36410","36508|36532|36511|36544","1.9E-4","","BTO:0000180","0.1785767509039031","0"
"824","6","TISSUES","","Embryo","0.0318","SNAI2|NFYB|TP53|CEBPB|ZEB1|MITF","36410","36523|36529|36538|36502|36544|36535","6.56E-5","","BTO:0000379","0.1785767509039031","0"
"244","4","TISSUES","","Erythroleukemia cell","0.0318","MAPK1|GSK3B|DNMT1|ETS1","36410","36508|36532|36511|36550","6.51E-5","","BTO:0000426","0.1785767509039031","0"
"442","5","TISSUES","","Bone marrow cancer cell","0.0318","MAPK1|GSK3B|DNMT1|ZEB1|ETS1","36410","36508|36532|36511|36544|36550","3.93E-5","","BTO:0000583","0.1785767509039031","0"
"568","5","TISSUES","","Adenocarcinoma cell","0.0318","EPAS1|HIF1AN|SMAD1|FBXO45|HIF1A","36410","36547|36526|36514|36541|36517","1.3E-4","","BTO:0000604","0.1785767509039031","0"
"23","2","TISSUES","","Melanocyte","0.0318","SNAI2|MITF","36410","36523|36535","2.3E-4","","BTO:0000847","0.1785767509039031","0"
"11","2","TISSUES","","Melanoma cell","0.0318","TP53|MITF","36410","36538|36535","6.1E-5","","BTO:0000848","0.1785767509039031","0"
"222","4","TISSUES","","Chronic lymphocytic leukemia cell","0.0318","MAPK1|GSK3B|DNMT1|ZEB1","36410","36508|36532|36511|36544","4.53E-5","","BTO:0001546","0.1785767509039031","0"
"9","2","TISSUES","","Mesenchymal cell","0.0318","SNAI2|ZEB1","36410","36523|36544","4.31E-5","","BTO:0002625","0.1785767509039031","0"
"166","3","GO Biological Process","","Positive regulation of angiogenesis","0.0321","SMAD1|ETS1|HIF1A","36410","36514|36550|36517","4.6E-4","","GO:0045766","0.17809048385124043","0"
"27","2","Reactome Pathways","","ATF4 activates genes in response to endoplasmic reticulum  stress","0.0327","NFYB|CEBPB","36410","36529|36502","3.1E-4","","HSA-380994","0.17713143680197369","0"
"168","3","GO Biological Process","","Cardiac chamber development","0.0328","TP53|PRDM1|HIF1A","36410","36538|36505|36517","4.8E-4","","GO:0003205","0.17697330824975385","0"
"34","2","GO Biological Process","","Intrinsic apoptotic signaling pathway in response to endoplasmic reticulum stress","0.0333","TP53|CEBPB","36410","36538|36502","4.9E-4","","GO:0070059","0.1761898279414787","0"
"169","3","GO Biological Process","","Regulation of intrinsic apoptotic signaling pathway","0.0333","SNAI2|TP53|HIF1A","36410","36523|36538|36517","4.8E-4","","GO:2001242","0.1761898279414787","0"
"170","3","GO Biological Process","","Epithelial cell proliferation","0.0335","MAPK1|CEBPB|ZEB1","36410","36508|36502|36544","4.9E-4","","GO:0050673","0.17587972485550196","0"
"116","2","KEGG Pathways","","Sphingolipid signaling pathway","0.0336","MAPK1|TP53","36410","36508|36538","0.0051","","hsa04071","0.17572536688543938","0"
"117","2","KEGG Pathways","","Growth hormone synthesis, secretion and action","0.0336","MAPK1|GSK3B","36410","36508|36532","0.0052","","hsa04935","0.17572536688543938","0"
"92","2","WikiPathways","","Corticotropin-releasing hormone signaling pathway","0.0341","MAPK1|GSK3B","36410","36508|36532","0.0033","","WP2355","0.1749604037799988","0"
"120","2","KEGG Pathways","","Cell cycle","0.0345","TP53|GSK3B","36410","36538|36532","0.0054","","hsa04110","0.17435646619938075","0"
"120","2","KEGG Pathways","","Osteoclast differentiation","0.0345","MAPK1|MITF","36410","36508|36535","0.0054","","hsa04380","0.17435646619938075","0"
"336","3","WikiPathways","","PI3K-Akt signaling pathway","0.0349","MAPK1|TP53|GSK3B","36410","36508|36538|36532","0.0034","","WP4172","0.17375949059033904","0"
"139","3","TISSUES","","Hepatoma cell","0.0352","EPAS1|FBXO45|HIF1A","36410","36547|36541|36517","2.8E-4","","BTO:0000608","0.17331623201591245","0"
"124","2","KEGG Pathways","","Yersinia infection","0.0354","MAPK1|GSK3B","36410","36508|36532","0.0058","","hsa05135","0.17302282012271974","0"
"23","2","GO Molecular Function","","Histone acetyltransferase binding","0.0359","TP53|CEBPB","36410","36538|36502","2.3E-4","","GO:0035035","0.1722964819803722","0"
"36","2","GO Biological Process","","Regulation of autophagy of mitochondrion","0.0367","TP53|HIF1A","36410","36538|36517","5.4E-4","","GO:1903146","0.17115512315187564","0"
"5","2","STRING Clusters","","Familial erythrocytosis 2, and HIF-1 alpha C terminal transactivation domain","0.0377","EPAS1|HIF1A","36410","36547|36517","1.65E-5","","CL:3825","0.16976291402515545","0"
"131","2","KEGG Pathways","","Autophagy - animal","0.0386","MAPK1|HIF1A","36410","36508|36517","0.0064","","hsa04140","0.16854114426499403","0"
"131","2","KEGG Pathways","","Apoptosis","0.0386","MAPK1|TP53","36410","36508|36538","0.0064","","hsa04210","0.16854114426499403","0"
"132","2","KEGG Pathways","","Insulin signaling pathway","0.0386","MAPK1|GSK3B","36410","36508|36532","0.0065","","hsa04910","0.16854114426499403","0"
"180","3","GO Biological Process","","Lung development","0.0387","MAPK1|EPAS1|STK40","36410","36508|36547|36499","5.8E-4","","GO:0030324","0.1684071543827035","0"
"31","2","Reactome Pathways","","RUNX2 regulates bone development","0.0389","MAPK1|SMAD1","36410","36508|36514","4.1E-4","","HSA-8941326","0.16814021018021566","0"
"100","2","WikiPathways","","Wnt signaling pathway and pluripotency","0.039","TP53|GSK3B","36410","36538|36532","0.0038","","WP399","0.16800725231356106","0"
"100","2","WikiPathways","","Burn wound healing","0.039","SNAI2|TP53","36410","36523|36538","0.0038","","WP5055","0.16800725231356106","0"
"137","2","KEGG Pathways","","Measles","0.0399","TP53|GSK3B","36410","36538|36532","0.007","","hsa05162","0.16682574721315696","0"
"38","2","GO Biological Process","","Lactation","0.04","USF2|HIF1A","36410","36520|36517","6.0E-4","","GO:0007595","0.16669611745682225","0"
"166","3","Reactome Pathways","","SUMO E3 ligases SUMOylate target proteins","0.0403","TP53|DNMT1|MITF","36410","36538|36511|36535","4.6E-4","","HSA-3108232","0.16630916377144914","0"
"444","4","GO Biological Process","","Response to radiation","0.0412","SNAI2|TP53|PRDM1|HIF1A","36410","36523|36538|36505|36517","6.2E-4","","GO:0009314","0.16516535397341228","0"
"39","2","GO Biological Process","","Regulation of DNA damage response, signal transduction by p53 class mediator","0.0415","SNAI2|TP53","36410","36523|36538","6.3E-4","","GO:0043516","0.16478962999921185","0"
"39","2","GO Biological Process","","Regulation of neuroblast proliferation","0.0415","TP53|HIF1A","36410","36538|36517","6.3E-4","","GO:1902692","0.16478962999921185","0"
"2804","9","TISSUES","","Internal female genital organ","0.042","SNAI2|EPAS1|TP53|CEBPB|GSK3B|STK40|ETS1|MITF|HIF1A","36410","36523|36547|36538|36502|36532|36499|36550|36535|36517","3.5E-4","","BTO:0003099","0.1641694182675305","0"
"189","3","GO Biological Process","","Regulation of carbohydrate metabolic process","0.0433","TP53|GSK3B|HIF1A","36410","36538|36532|36517","6.7E-4","","GO:0006109","0.16259079243264002","0"
"190","3","GO Biological Process","","Epithelial cell development","0.0438","EPAS1|PRDM1|HIF1A","36410","36547|36505|36517","6.8E-4","","GO:0002064","0.16199621574510015","0"
"455","4","GO Biological Process","","Pattern specification process","0.0442","TP53|SMAD1|ZEB1|HIF1A","36410","36538|36514|36544|36517","6.8E-4","","GO:0007389","0.1615254210425519","0"
"109","2","WikiPathways","","Androgen receptor network in prostate cancer","0.0448","MAPK1|TP53","36410","36508|36538","0.0045","","WP2263","0.16082715796133226","0"
"461","4","GO Biological Process","","Response to nutrient levels","0.0462","MAPK1|USF2|TP53|ZEB1","36410","36508|36520|36538|36544","7.2E-4","","GO:0031667","0.15923358420871184","0"
"150","2","KEGG Pathways","","mTOR signaling pathway","0.0467","MAPK1|GSK3B","36410","36508|36532","0.0083","","hsa04150","0.1586761293037732","0"
"113","2","WikiPathways","","Gastrin signaling pathway","0.0474","MAPK1|GSK3B","36410","36508|36532","0.0049","","WP4659","0.15790563810020536","0"
"154","2","KEGG Pathways","","Wnt signaling pathway","0.0476","TP53|GSK3B","36410","36538|36532","0.0088","","hsa04310","0.1576875869965214","0"
"153","2","KEGG Pathways","","Cushing syndrome","0.0476","MAPK1|GSK3B","36410","36508|36532","0.0086","","hsa04934","0.1576875869965214","0"
"115","2","WikiPathways","","Spinal cord injury","0.0484","MAPK1|TP53","36410","36508|36538","0.005","","WP2431","0.15682444933918488","0"
"158","2","KEGG Pathways","","Hepatitis B","0.049","MAPK1|TP53","36410","36508|36538","0.0092","","hsa05161","0.1561864076673668","0"
"117","2","WikiPathways","","Osteoblast differentiation and related diseases","0.0494","MAPK1|SMAD1","36410","36508|36514","0.0052","","WP4787","0.15576537233508034","0"
"473","4","GO Biological Process","","Cellular response to growth factor stimulus","0.0498","SNAI2|TP53|SMAD1|ZEB1","36410","36523|36538|36514|36544","7.9E-4","","GO:0071363","0.15534773248597672","0"
"39","2","Reactome Pathways","","Transcriptional Regulation by VENTX","0.0498","TP53|CEBPB","36410","36538|36502","6.3E-4","","HSA-8853884","0.15534773248597672","0"
"44","2","GO Biological Process","","Negative regulation of reactive oxygen species metabolic process","0.0499","TP53|HIF1A","36410","36538|36517","8.0E-4","","GO:2000378","0.15524384667257232","0"
